,RAIZ,Razao Social,Nat. Jur.,Qual. Resp.,Capital,Porte
0,41747346,AMEV IMPORTADORA E DISTRIBUIDORA LTDA,2062,49,"830000,00",5.0
1,41757527,AETHRA SISTEMAS AUTOMOTIVOS S.A.,2054,16,"226964146,00",5.0
2,42120394,WAYNE INDUSTRIA E COMERCIO LTDA.,2062,5,"101771568,00",5.0
3,42123091,INTERPRINT LTDA,2062,5,"177500000,00",5.0
4,42135913,IPANEMA AGRICOLA S.A.,2054,16,"40000000,00",5.0
5,42150391,BRASKEM S.A,2046,10,"8043222080,50",5.0
6,42157511,ARACRUZ CELULOSE SA,2046,16,"0,00",5.0
7,42184226,ANGLO AMERICAN NIQUEL BRASIL LTDA,2062,5,"3730368596,47",5.0
8,42189050,ARMAFER SERVICOS DE CONSTRUCAO LTDA,2062,5,"0,00",5.0
9,42198358,MILLS DO BRASIL ESTRUTURAS E SERVICOS LTDA,2062,5,"0,00",5.0
10,42270181,FUNDACAO CESGRANRIO,3069,16,"0,00",5.0
11,42374207,LABORATORIOS SERVIER DO BRASIL LTDA,2062,5,"439663293,00",5.0
12,42416651,NEXA RECURSOS MINERAIS S.A.,2054,16,"3363775311,35",5.0
13,42418715,INTERUNION TRADING S A,2054,10,"0,00",5.0
14,42445403,MINERACAO SERRA GRANDE S A,2054,10,"423036080,19",5.0
15,42509257,MINERACAO CARAIBA S/A,2054,16,"314842990,46",5.0
16,42563692,M.I. MONTREAL INFORMATICA S.A,2054,10,"10105000,00",5.0
17,43035146,PROTEGE S/A PROTECAO E TRANSPORTE DE VALORES,2054,16,"315262311,81",5.0
18,43076702,EMPRESA DE TECNOLOGIA DA INFORMACAO E COMUNICACAO DO MUNICIPIO DE SAO PAULO - PRODAM-SP S/A,2038,16,"245387986,05",5.0
19,43201151,CUMMINS BRASIL LIMITADA,2062,5,"1821012759,00",5.0
20,43202472,UNIMED PAULISTANA SOC COOPERATIVA DE TRABALHO MEDICO - EM LIQUIDACAO EXTRAJUDICIAL,2143,13,"0,00",5.0
21,43237460,DIVASA VEICULOS E PECAS LTDA,2062,49,"27908,00",1.0
22,43248525,UNITIKA DO BRASIL INDUSTRIA TEXTIL LTDA,2062,49,"1500000,00",5.0
23,43270628,CONFECCOES KACYUMARA LTDA,2062,49,"4400000,00",5.0
24,43296250,CORSET ARTES GRAFICAS E EDITORA LTDA,2062,49,"0,00",5.0
25,43304484,KITCHENS DECORACOES PLANEJAMENTO DE INTERIORES E COMERCIO LTDA,2062,49,"1600008,00",5.0
26,43350131,SILVIO SANTOS PARTICIPACOES S/A,2054,10,"295310030,34",5.0
27,43467273,M.S. RIGHI & CIA LTDA,2062,49,"350000,00",5.0
28,43470384,PAMIRO AGRO INDUSTRIA S/A,2054,5,"0,00",5.0
29,43525765,JORGE S IMOVEIS E ADMINISTRACAO LTDA,2240,49,"3011630,00",5.0
30,43657758,ENGEMIN MONTAGENS INDUSTRIAIS S A,2054,10,"0,00",5.0
31,43672716,CAMESA INDUSTRIA TEXTIL LTDA,2062,49,"1500000,00",5.0
32,43821164,BAERLOCHER DO BRASIL S.A.,2054,16,"0,00",5.0
33,43854116,CEVA LOGISTICS LTDA,2062,5,"135009340,00",5.0
34,43876960,MACCAFERRI DO BRASIL LTDA,2062,5,"120387988,00",5.0
35,43999630,AVERY DENNISON DO BRASIL LTDA,2062,5,"64193171,00",5.0
36,44023661,U T C ENGENHARIA S/A - EM RECUPERACAO JUDICIAL,2054,64,"302234622,00",5.0
37,44078640,OSG SULAMERICANA DE FERRAMENTAS LTDA,2062,5,"35631105,48",5.0
38,44127355,EDITORA SCIPIONE S.A.,2054,10,"245673857,25",5.0
39,44196327,BTK CONSULTORIA E PARTICIPACOES LTDA,2062,49,"350000,00",5.0
40,44456036,UNIMED DE BAURU COOPERATIVA DE TRABALHO MEDICO,2143,16,"0,00",5.0
41,44463156,SERVIMED COMERCIAL LTDA,2062,49,"65000000,00",5.0
42,44584621,CEL ENGENHARIA LTDA,2062,49,"1000000,00",5.0
43,44663631,UNIMED DE RIO CLARO SP COOPERATIVA DE TRABALHO MEDICO,2143,16,"0,00",5.0
44,44734671,CRISTALIA PRODUTOS QUIMICOS FARMACEUTICOS LTDA,2062,49,"900000000,00",5.0
45,44740314,AGROPAV AGROPECUARIA LTDA,2062,5,"78816661,00",5.0
46,44762458,TECNOMOTOR ELETRONICA DO BRASIL S/A,2054,10,"5000000,00",5.0
47,45003746,"CREDIVAL PARTICIPACOES, ADMINISTRACAO E ASSESSORIA LTDA",2062,5,"1021026870,86",5.0
48,45068061,TALENT PROPAGANDA S/A,2054,16,"0,00",5.0
49,45169448,AUTO POSTO REMONDES LTDA,2062,49,"20000,00",3.0
50,45542602,INEPAR - ADMINISTRACAO E PARTICIPACOES S/A EM RECUPERACAO JUDICIAL,2054,64,"0,00",5.0
51,45554961,AVARE VEICULOS LTDA,2062,49,"0,00",5.0
52,45594330,ITAU UNIBANCO CONSULTORIA S.A.,2054,10,"1247723251,06",5.0
53,45847365,EDIMOM FOMENTO MERCANTIL EIRELI,2305,65,"100000,00",5.0
54,45987062,SOUFER INDUSTRIAL LTDA.,2062,5,"300000000,00",5.0
55,46013702,LOJAS REUNIDAS DE CALCADOS LTDA,2062,49,"10900000,00",5.0
56,46014635,CONSTRUTORA LIX DA CUNHA S/A.,2046,10,"48680067,81",5.0
57,46041307,MABE CAMPINAS ELETRODOMESTICOS S/A,2054,10,"50088230,49",5.0
58,46119855,SOCIEDADE DE ABASTECIMENTO DE AGUA E SANEAMENTO SA,2038,16,"453185281,00",5.0
59,46124624,UNIMED CAMPINAS COOPERATIVA DE TRABALHO MEDICO,2143,16,"0,00",5.0
60,46162517,UNIPAC INDUSTRIA E COMERCIO LTDA,2062,49,"0,00",5.0
61,46396040,WSMS INDUSTRIAS METALURGICAS LTDA,2062,49,"2578232,00",5.0
62,46432019,CURTUME TOURO LTDA,2062,49,"14000000,00",5.0
63,46515532,KINSBERG COMERCIO IMPORTACAO E EXPORTACAO DE TECIDOS LTDA,2062,49,"0,00",5.0
64,46756003,DAL FABBRO MATERIAIS PARA CONSTRUCAO LTDA,2062,49,"306000,00",5.0
65,46855169,COMALA APARELHOS ELETRICOS LTDA,2062,49,"900000,00",5.0
66,47067525,LOUIS DREYFUS COMPANY BRASIL S.A.,2054,10,"1645461888,83",5.0
67,47178918,FINAUSTRIA ARRENDAMENTO MERCANTIL S/A,2054,10,"49500000,00",5.0
68,47180625,DOW AGROSCIENCES INDUSTRIAL LTDA,2062,5,"429893578,44",5.0
69,47190731,"DE CASTRO LOUREIRO ENGENHARIA , INDUSTRIA E COMERCIO LTDA",2062,49,"0,00",5.0
70,47198700,AGRO PECUARIA JABORANDI LTDA,2062,49,"0,00",1.0
71,47213186,TRANSPASCON COMERCIAL LTDA,2062,49,"1000000,00",3.0
72,47376454,CONFAB MONTAGENS LTDA,2062,5,"127563780,00",5.0
73,47400817,ATIMAKY ESQUADRIAS METALICAS LTDA,2062,49,"8823515,00",5.0
74,47524632,USINA SANTA ISABEL S/A,2054,5,"100000000,00",5.0
75,47543145,AGRINDUS SA EMPRESA AGRICOLA PASTORIL,2054,16,"888740,00",5.0
76,47964366,CALCADOS FRANK LTDA,2062,49,"300000,00",3.0
77,48122295,FMC TECHNOLOGIES DO BRASIL LTDA.,2062,5,"446787531,00",5.0
78,48172464,CERAMICA VILLAGRES LTDA,2062,49,"1000000,00",5.0
79,48295562,USINA ALTO ALEGRE S/A - ACUCAR E ALCOOL,2054,10,"730000000,00",5.0
80,48524268,AGROPLANTA FERTILIZANTES E INOVACOES LTDA,2062,49,"15000000,00",5.0
81,48540447,COMPANHIA FIACAO E TECIDOS GUARATINGUETA,2054,16,"0,00",5.0
82,48635379,SANA AGRO AEREA SOCIEDADE SIMPLES,2240,49,"100000,00",5.0
83,48659502,FUNDACAO DE ESTUDOS AGRARIOS LUIZ DE QUEIROZ,3069,16,"0,00",5.0
84,48663421,SAO MARTINHO TERRAS IMOBILIARIAS S.A.,2054,10,"23467715,51",5.0
85,48727895,NAZS ENGENHARIA LTDA,2062,49,"400000,00",5.0
86,48740351,BRASPRESS TRANSPORTES URGENTES LTDA,2062,49,"55005600,00",5.0
87,48797542,INDIANA PAVIMENTACAO E OBRAS EIRELI,2305,65,"300000,00",3.0
88,48808067,RETIFICA BOA ESTRELA EIRELI,2305,65,"150000,00",3.0
89,48950372,FIRENZE INDUSTRIA E COMERCIO DE CONFECCOES EIRELI,2305,65,"100000,00",5.0
90,49032667,SATURNIA SISTEMAS DE ENERGIA S.A,2054,64,"337877128,00",5.0
91,49137466,UNIDADE DE RADIOLOGIA DE ASSIS S/S LTDA,2240,49,"0,00",1.0
92,49253651,SM CYCLO REDUTORES DO BRASIL COMERCIO LTDA.,2062,5,"17924741,00",5.0
93,49337108,KHAMEL REPRESENTACOES IMPORTACAO E EXPORTACAO EIRELI,2305,65,"200000,00",5.0
94,49670524,MENG ENGENHARIA COMERCIO E INDUSTRIA LTDA,2062,49,"10000000,00",5.0
95,49748023,TEMON TECNICA DE MONTAGENS E CONSTRUCOES LTDA,2062,49,"10100000,00",5.0
96,49911589,VIRGOLINO DE OLIVEIRA S/A - ACUCAR E ALCOOL,2054,10,"0,00",5.0
97,49918840,LABORATORIO SAO JOSE S/S LTDA.,2240,49,"25000,00",3.0
98,50053636,CA PROGRAMAS DE COMPUTADOR LTDA.,2062,5,"28112165,00",5.0
99,50106939,PANTOJA & CIA LTDA,2062,49,"0,00",5.0
100,50139286,WEIDMANN TECNOLOGIA ELETRICA LTDA.,2062,5,"89190623,00",5.0
101,50596170,SERVLEASE EMPREENDIMENTOS IMOBILIARIOS LTDA.,2062,5,"26000000,00",5.0
102,50730936,RADIOLOGIA CLINICA ORLANDIA LTDA,2062,49,"20000,00",5.0
103,50753912,FERRUCCI & CIA LTDA,2062,49,"848000,00",5.0
104,50844885,STOCKMAT REPRESENTACOES LTDA,2062,49,"0,00",5.0
105,50930361,DEPOSITO BRUNO MATERIAIS PARA CONSTRUCOES LIMITADA,2062,49,"0,00",3.0
106,50991264,ELICON SERVICOS LTDA.,2062,49,"3559900,00",5.0
107,51122232,LAB HORMON - LABORATORIO ESPECIALIZADO EM DOSAGENS HORMONAIS LTDA,2062,5,"4108393,00",5.0
108,51197655,UNISYS INFORMATICA LTDA,2062,5,"25210511,00",5.0
109,51307932,PAVENCO PAVIMENTACAO E CONSTRUCAO LTDA,2062,49,"1000000,00",3.0
110,51319358,FENIX EMPREENDIMENTOS SA,2054,10,"78936160,54",5.0
111,51366185,JUPITRANS INDUSTRIA E COMERCIO LTDA,2062,49,"137100,00",5.0
112,51397909,SAINT MORITZ - ADMINISTRADORA DE BENS - EIRELI,2305,65,"213750,00",5.0
113,51466860,SAO MARTINHO S/A,2046,10,"2071819403,54",5.0
114,51724722,CANARIAS LOCADORA SOCIEDADE UNIPESSOAL LIMITADA,2062,5,"3371934000,00",5.0
115,51754240,NOVADATA SISTEMAS E COMPUTADORES S A,2054,10,"38432362,43",5.0
116,51799716,DOCUMENTA CLINICA RADIOLOGICA LTDA,2062,5,"11000000,00",5.0
117,51855716,RODOBENS ADMINISTRADORA DE CONSORCIOS LTDA.,2062,5,"235153049,00",5.0
118,51990695,BRADESCO VIDA E PREVIDENCIA S.A.,2054,10,"2863664692,18",5.0
119,51990778,ACUCAR E ALCOOL OSWALDO RIBEIRO DE MENDONCA LTDA,2062,49,"14113235,00",5.0
120,52186525,HOTEIS DELLA VOLPE COTO LTDA,2062,49,"0,00",1.0
121,52189420,RAIZEN PARAGUACU LTDA,2062,5,"651020170,00",5.0
122,52237328,COMERCIAL ARTMAQ LTDA,2062,49,"50000,00",3.0
123,52350360,ASSIST ASSESSORIA TRIBUTARIA LTDA,2062,49,"100000,00",5.0
124,52434156,REVAL ATACADO DE PAPELARIA LTDA,2062,49,"20100000,00",5.0
125,52731577,ITAUTEC.COM SERVICOS S.A. - GRUPO ITAUTEC,2054,10,"32469716,19",5.0
126,52736949,INTERNATIONAL PAPER DO BRASIL LTDA.,2062,5,"4032595929,05",5.0
127,52746419,FAZENDA SETE LAGOAS AGRICOLA S A,2054,10,"27266300,00",5.0
128,52940533,BOMBAS LEAO S/A,2054,10,"16910000,00",5.0
129,53070660,PRT INVESTIMENTOS LTDA.,2062,5,"124724125,80",5.0
130,53542841,GENESIS INDUSTRIA E COMERCIO DE PRODUTOS QUIMICOS LTDA,2062,49,"500000,00",5.0
131,53696886,POSTO RANCHO TIBIRICA LTDA,2062,5,"900000,00",5.0
132,53728507,QUINTETO EDITORIAL LTDA,2062,5,"6050000,00",5.0
133,53784443,NEUMAN & ESSER AMERICA DO SUL LTDA,2062,5,"18970069,00",5.0
134,53859112,COMPANHIA JAGUARI DE ENERGIA,2054,10,"170413309,08",5.0
135,54022744,SAO MARCO INDUSTRIA E COMERCIO LTDA,2062,5,"430758272,00",5.0
136,54065081,SUDAMERIS EMPREENDIMENTOS E SERVICOS LTDA,2062,5,"0,00",5.0
137,54098926,MONTECITRUS TRADING S/A,2054,16,"26033873,46",5.0
138,54105671,CP KELCO BRASIL S/A.,2054,10,"101139086,00",5.0
139,54224423,PINHALENSE S/A.-MAQUINAS AGRICOLAS,2054,10,"25000000,00",5.0
140,54305743,HPE AUTOMOTORES DO BRASIL LTDA,2062,5,"66478000,00",5.0
141,54418900,CONSTRU ANDRA CONSTRUCOES E COMERCIO LTDA,2062,49,"0,00",1.0
142,54428040,SEMP INFORMATICA LTDA,2062,5,"397053691,44",5.0
143,54516661,JOHNSON & JOHNSON DO BRASIL INDUSTRIA E COMERCIO DE PRODUTOS PARA SAUDE LTDA.,2062,5,"3393812891,00",5.0
144,54906987,CANBRAS TVA CABO LTDA,2062,5,"310598,28",5.0
145,54919980,TEMPORAMA-EMPREGOS EFETIVOS E TEMPORARIOS LTDA,2062,49,"230000,00",5.0
146,55126114,METALCAR INDUSTRIA E COMERCIO LTDA,2062,49,"0,00",5.0
147,55214464,LOUBERT SERVICOS CONTABEIS EIRELI,2305,65,"72400,00",1.0
148,55330229,CAIADO PNEUS LTDA,2062,5,"25667622,00",5.0
149,55346480,MEDPORTO ASSISTENCIA MEDICA LTDA.,2062,49,"634158,00",5.0
150,55361117,C P A PRESTACAO DE SERVICOS RADIOLOGICOS LTDA,2062,49,"1500000,00",5.0
151,55419147,EMPRESA JORNALISTICA A CIDADE S.A.,2054,10,"5100000,00",5.0
152,55671689,CLINICA DE ORTOPEDIA E FISIOTERAPIA PADRE ANCHIETA LTDA,2062,49,"280000,00",5.0
153,55980882,HOSPITAL SAO FRANCISCO SOCIEDADE EMPRESARIA LIMITADA,2062,49,"5103708,06",5.0
154,56052517,CITICORP TRADING LTDA,2062,5,"4173000,00",5.0
155,56088396,DESIM - DESENVOLVIMENTO IMOBILIARIO LTDA,2062,49,"445311,00",5.0
156,56111347,CONSTRUTORA SCALA GUACU LTDA.,2062,49,"2000000,00",5.0
157,56151178,GLOBAL SERVS EMPRESARIAIS E MAO DE OBRA TEMPORARIA LTDA,2062,49,"500000,00",5.0
158,56423874,COMERCIAL FIORAMONTE TECIDOS E CONFECCOES LTDA,2062,49,"0,00",1.0
159,56450877,PLASUTIL-INDUSTRIA E COMERCIO DE PLASTICOS LTDA,2062,49,"80000000,00",5.0
160,56728058,AGRO PECUARIA FURLAN S A,2054,10,"0,00",5.0
161,56735707,CONSTRUTORA FERREIRA DE SOUZA S/A,2054,16,"10000,00",5.0
162,56883820,EMBRAMACO EMPRESA BRASILEIRA DE MATERIAIS PARA CONSTRUCAO  SA,2054,10,"44154719,00",5.0
163,56898935,N.F. MOTTA CONSTRUCOES E COMERCIO - EIRELI,2305,65,"60992963,00",5.0
164,56925019,MISSIATO INDUSTRIA E COMERCIO LTDA,2062,49,"6600000,00",5.0
165,56938939,DUNAS COMERCIO E PARTICIPACOES LTDA.,2062,49,"1500,00",5.0
166,56990534,SCHERING DO BRASIL QUIMICA E FARMACEUTICA LTDA.,2062,5,"112982996,00",5.0
167,56998982,BRISTOL-MYERS SQUIBB FARMACEUTICA LTDA.,2062,5,"232740233,19",5.0
168,57146607,IMPLAMED-IMPLANTES ESPECIALIZADOS COM IMPOR E EXPOR LTD,2062,5,"1000000,00",5.0
169,57185993,ECONOMUS ADMINISTRATORA E CORRETORA DE SEGUROS LTDA,2240,13,"447564,90",5.0
170,57272767,UNIDADE DE DENSITOMETRIA OSSEA DE BAURU LTDA,2062,49,"0,00",5.0
171,57273211,MULT SERVICE VIGILANCIA LTDA,2062,49,"4591260,00",5.0
172,57497539,BRIDGESTONE DO BRASIL INDUSTRIA E COMERCIO LTDA.,2062,5,"458787783,00",5.0
173,57507378,EMS S/A,2054,16,"221716502,41",5.0
174,57574154,EMBRASE EMPRESA BRASILEIRA DE SEGURANCA E VIGILANCIA LTDA.,2062,49,"5000000,00",5.0
175,58131582,PRODESAN PROGRESSO E DESENVOLVIMENTO DE SANTOS SA,2038,16,"20049648,99",5.0
176,58196684,SANTOS FUTEBOL CLUBE,3999,16,"0,00",5.0
177,58456336,Y&R PROPAGANDA LTDA.,2062,49,"351886,00",5.0
178,58503129,TEMPO SERVICOS LTDA.,2062,5,"1575115878,00",5.0
179,58677469,LICYN MERCANTIL INDUSTRIAL LTDA,2062,5,"1305000,00",5.0
180,58731662,RI HAPPY BRINQUEDOS S.A.,2054,10,"625538781,11",5.0
181,58768284,PORTO SEGURO VIDA E PREVIDENCIA S/A,2054,10,"154577787,69",5.0
182,58871393,CONTEMPORANEA COMUNICACAO LTDA,2062,49,"0,00",3.0
183,58910316,INDUSTRIAS DE PAPEL R RAMENZONI S/A,2054,5,"20800000,00",5.0
184,59049627,SPORT PROMOTION SOCIEDADE SIMPLES LTDA,2240,49,"0,00",5.0
185,59104901,SCANIA LATIN AMERICA LTDA,2062,5,"229475408,00",5.0
186,59105999,WHIRLPOOL S.A,2046,10,"1159102348,07",5.0
187,59109165,BANCO VOLKSWAGEN S.A.,2054,10,"0,00",5.0
188,59114587,NHA BENTA INDUSTRIA DE ALIMENTOS LTDA,2062,49,"1884000,00",5.0
189,59179838,PIRELLI PNEUS LTDA.,2062,5,"1132178494,00",5.0
190,59186981,REICHHOLD DO BRASIL LTDA,2062,5,"130256764,00",5.0
191,59225243,ENERP ELETRICIDADE E TELECOMUNICACOES LTDA,2062,49,"0,00",1.0
192,59278812,DYNAMIS ENGENHARIA GEOTECNICA LTDA,2240,49,"0,00",5.0
193,59285411,BANCO PAN S.A.,2046,10,"4175222121,46",5.0
194,59291245,BANKPAR PARTICIPACOES LTDA,2062,49,"0,00",5.0
195,59309302,INJEX INDUSTRIAS CIRURGICAS LTDA,2062,49,"133333,33",5.0
196,59311241,BOAINAIN INDUSTRIA E COMERCIO LTDA,2062,64,"10000000,00",5.0
197,59320820,GREIF EMBALAGENS INDUSTRIAIS DO BRASIL LTDA.,2062,5,"429954618,00",5.0
198,59876003,AGCO DO BRASIL COMERCIO E INDUSTRIA LTDA,2062,5,"753106843,00",5.0
199,59892174,ACAI INFORMATICA LTDA,2062,5,"138750,00",5.0
200,59970624,RODOBENS VEICULOS COMERCIAIS CIRASA S.A.,2054,10,"140176501,00",5.0
201,59995639,TARRAF ADMINISTRADORA E CORRETORA DE SEGUROS LTDA,2062,5,"3300,00",5.0
202,60165859,BULL SOUTH AMERICA LTDA,2062,5,"0,00",5.0
203,60181468,AVIBRAS INDUSTRIA AEROESPACIAL S A,2054,16,"1406547955,51",5.0
204,60212719,CPM PARTICIPACOES LTDA.,2062,5,"6280294,00",5.0
205,60397775,TAKEDA PHARMA LTDA.,2062,5,"7085006,00",5.0
206,60433828,ELGE ADMINISTRACAO PARTICIPACOES E COMERCIO LTDA,2062,49,"0,00",5.0
207,60491701,ELZA FORTUNATO AGUILAR,2135,50,"0,00",1.0
208,60522000,COMPANHIA BRASILEIRA DE BEBIDAS,2054,10,"0,00",5.0
209,60555513,FUNDACAO CARLOS CHAGAS,3069,16,"0,00",5.0
210,60561800,NOVELIS DO BRASIL LTDA.,2062,5,"958527827,00",5.0
211,60571296,LENCOS PRESIDENTE S A INDUSTRIA E COMERCIO,2054,10,"12800,00",5.0
212,60579703,EMPRESA FOLHA DA MANHA S.A.,2054,10,"152311983,58",5.0
213,60581618,SFD S/A INDUSTRIA E COMERCIO,2054,10,"0,00",5.0
214,60583747,COMERCIAL E EMPREENDIMENTOS BRASIL S A,2054,10,"63115652,00",5.0
215,60642774,OTTO BAUMGART INDUSTRIA E COMERCIO S A,2054,16,"150000000,00",5.0
216,60678604,HOSPITAL E MATERNIDADE SANTA JOANA S/A,2054,10,"20887200,00",5.0
217,60701190,ITAU UNIBANCO S.A.,2054,10,"75925425763,69",5.0
218,60744463,SYNGENTA PROTECAO DE CULTIVOS LTDA,2062,5,"4333460203,76",5.0
219,60746948,BANCO BRADESCO S.A.,2046,10,"83100000000,00",5.0
220,60830833,COMPANHIA TECNICA DE ENGENHARIA ELETRICA,2046,10,"133974808,80",5.0
221,60841681,PROQUIGEL IND E COMERCIO DE PRODUTOS QUIMICOS LTDA,2062,49,"8770039,00",5.0
222,60857349,ZF AUTOMOTIVE BRASIL LTDA.,2062,5,"671354656,00",5.0
223,60872504,ITAU UNIBANCO HOLDING S.A.,2046,10,"97148000000,00",5.0
224,60874187,DAIICHI SANKYO BRASIL FARMACEUTICA LTDA.,2062,49,"34519875,00",5.0
225,60882776,GARDNER DENVER NASH BRASIL INDUSTRIA E COMERCIO DE BOMBAS LTDA.,2062,5,"10479430,50",5.0
226,60888898,VOLKSWAGEN CORRETORA DE SEGUROS LTDA,2062,5,"401071,00",5.0
227,60889128,BANCO SOFISA S.A.,2054,16,"635700092,85",5.0
228,60890456,CDP PARTICIPACAO EMPREENDIMENTOS E ASSESSORIA LTDA,2062,49,"1935738,00",5.0
229,60892403,ARCELORMITTAL SUL FLUMINENSE S.A.,2054,10,"3492211976,38",5.0
230,60894730,USINAS SIDERURGICAS DE MINAS GERAIS S/A. USIMINAS,2046,10,"12200294935,04",5.0
231,60911690,DATASIST INFORMATICA S/C LTDA,2240,49,"0,00",5.0
232,60945169,NISSIN FOODS DO BRASIL LTDA,2062,5,"102088924,00",5.0
233,60959889,TRANSULTRA - ARMAZENAMENTO E TRANSPORTE ESPECIALZADO LTDA,2062,5,"39900000,00",5.0
234,60991965,NAANDAN JAIN BRASIL INDUSTRIA E COMERCIO DE EQUIPAMENTOS PARA IRRIGACAO LTDA.,2062,5,"12491893,00",5.0
235,61016325,ESCRIPTORIO SUPLICY CORRETAGENS E REPRESENTACOES LTDA,2062,49,"0,00",5.0
236,61064911,CATERPILLAR BRASIL LTDA,2062,5,"376216550,00",5.0
237,61068276,UNILEVER BRASIL LTDA.,2062,5,"104024069,00",5.0
238,61074829,ABB POWER GRIDS BRASIL LTDA.,2062,5,"921132049,00",5.0
239,61076055,AGCO DO BRASIL MAQUINAS E EQUIPAMENTOS AGRICOLAS LTDA.,2062,5,"1336963815,00",5.0
240,61079232,COMPANHIA BRASILEIRA DE ESTIRENO,2054,10,"629290926,00",5.0
241,61082582,VOTORANTIM PARTICIPACOES S.A.,2054,10,"12112210000,00",5.0
242,61082822,BUNGE FERTILIZANTES S/A,2054,10,"731109620,47",5.0
243,61082988,MARINGA FERRO-LIGA S.A,2054,10,"195992000,00",5.0
244,61084984,BRASMOTOR LTDA,2062,5,"593530883,00",5.0
245,61089835,GUARANY INDUSTRIA E COMERCIO LTDA,2062,49,"13400000,00",5.0
246,61130340,PROTEC INFORMATICA DE OLIMPIA- EIRELI,2305,65,"100000,00",3.0
247,61139697,MITSUI & CO. (BRASIL) S.A.,2054,10,"238569018,79",5.0
248,61150348,COMPANHIA NITRO QUIMICA BRASILEIRA,2054,10,"103245000,00",5.0
249,61150751,PRYSMIAN CABOS E SISTEMAS DO BRASIL S/A,2054,10,"910044390,56",5.0
250,61188488,GIVAUDAN DO BRASIL LTDA.,2062,5,"345381032,00",5.0
251,61194742,ARTEFATOS DE BORRACHA DANESI LTDA,2062,49,"500000,00",3.0
252,61204657,DOW CORNING DO BRASIL LTDA,2062,5,"49132683,00",5.0
253,61258703,CASA DA BOIA COMERCIO E INDUSTRIA DE METAIS LTDA.,2062,49,"4000000,00",5.0
254,61282661,LABORATORIO QUIMICO FARMACEUTICO BERGAMO LTDA,2062,5,"429939100,00",5.0
255,61316360,ESCOVAS FIDALGA LTDA,2062,49,"220000,00",5.0
256,61317095,TV CARIOBA COMUNICACOES LTDA,2062,49,"145464,00",5.0
257,61365557,GONCALVES SALLES S A INDUSTRIA E COMERCIO,2054,16,"10500000,00",5.0
258,61381323,ITAESBRA INDUSTRIA MECANICA LTDA,2062,49,"30000000,00",5.0
259,61397246,VOTOCEL INVESTIMENTOS LTDA,2062,5,"85057966,00",5.0
260,61409892,COMPANHIA BRASILEIRA DE ALUMINIO,2054,16,"4049459728,46",5.0
261,61472676,BANCO SANTANDER BRASIL S/A,2054,16,"0,00",5.0
262,61486650,DIAGNOSTICOS DA AMERICA S.A .,2046,10,"15633331579,53",5.0
263,61488904,ITORORO VEICULOS E PECAS LTDA,2062,49,"28000000,00",5.0
264,61528030,TETRA PAK LTDA,2062,5,"130889658,00",5.0
265,61532644,ITAUSA S.A.,2046,16,"43515286344,15",5.0
266,61575775,TECHINT ENGENHARIA E CONSTRUCAO S/A,2054,10,"230418637,00",5.0
267,61584140,REDE ENERGIA PARTICIPACOES S.A.,2046,64,"3223218565,94",5.0
268,61584223,CONSTRUCAP CCPS ENGENHARIA E COMERCIO SA,2054,16,"212000000,00",5.0
269,61745238,ITAQUIM INDUSTRIA E COMERCIO LTDA,2062,49,"0,00",5.0
270,61797924,HEWLETT-PACKARD BRASIL LTDA,2062,5,"334601463,00",5.0
271,61923504,BBV CORRETORA DE CAMBIO E VALORES MOBILIARIOS LTDA,2062,49,"0,00",5.0
272,62004395,RR DONNELLEY EDITORA E GRAFICA LTDA.,2062,64,"129633621,36",5.0
273,62018999,ARNIFLEX INDUSTRIA E COM.DE ARTEFATOS DE BORRACHA LTDA,2062,49,"420000,00",5.0
274,62070362,COMPANHIA DO METROPOLITANO DE SAO PAULO,2011,16,"40594221228,95",5.0
275,62162847,JOFEGE PAVIMENTACAO E CONSTRUCAO LTDA,2062,5,"25770000,00",5.0
276,62166848,DIAGEO BRASIL LTDA.,2062,5,"276385720,00",5.0
277,62237425,BANCO FIDIS S/A,2054,10,"509021103,68",5.0
278,62249586,WAFIOS DO BRASIL LTDA.,2062,49,"6000000,00",5.0
279,62258884,INTERCEMENT BRASIL S.A.,2054,10,"2865527937,84",5.0
280,62351341,"EDITORA MANOLE - CONTEUDO PARA EDUCACAO, MEDICINA E SAUDE LTDA",2062,49,"2500000,00",5.0
281,62445838,CONSTRUBASE ENGENHARIA LTDA,2062,49,"66085000,00",5.0
282,62484951,DELOITTE TOUCHE TOHMATSU CONSULTORES LTDA.,2240,49,"0,00",5.0
283,62545579,COMERCIAL DE ALIMENTOS CARREFOUR LTDA.,2062,5,"283531244,00",5.0
284,62590872,ITAMBE PRESTACAO DE SERVICOS EIRELI,2305,65,"600000,00",5.0
285,62640529,AGRO SILVA SANTOS LTDA.,2062,5,"3000001,00",5.0
286,62650023,INDUSTRIA ELETRONICA SANYO DO BRASIL LTDA,2062,49,"0,00",5.0
287,62800446,NALCO BRASIL LTDA.,2062,5,"76789191,00",5.0
288,62808969,COMERCIO E TRANSPORTES DE CEREAIS BRUXEUGO LTDA,2062,49,"0,00",1.0
289,62931522,CENTRAL DAS COOPERATIVAS DE CREDITO DO ESTADO DE SAO PAULO - SICOOB CENTRAL CECRESP,2143,16,"0,00",5.0
290,63058648,ACCS ADMINISTRADORA E CORRETORA DE SEGUROS LTDA.,2062,5,"1650000,00",5.0
291,63062749,FATOR S/A - CORRETORA DE VALORES,2054,10,"107453083,57",5.0
292,63411623,MARDISA VEICULOS S/A,2054,10,"67199920,00",5.0
293,63917579,COOPERATIVA CENTRAL DE CREDITO DO ESTADO DE SAO PAULO - SICOOB SAO PAULO,2143,10,"0,00",5.0
294,64098932,PROJECTUS CONSULTORIA LTDA,2062,49,"2252000,00",5.0
295,64181217,CIMERMAN ANALISES CLINICAS S/S LTDA,2240,49,"2000,00",1.0
296,64611213,AGROPASTORIL ESTEVAM LTDA,2062,49,"2600000,00",5.0
297,65086480,MOTIVARE MARKETING DE INCENTIVOS LTDA.,2062,49,"351000,00",5.0
298,65477507,PROZYN INDUSTRIA E COMERCIO EIRELI,2305,65,"1607516,00",5.0
299,65477952,FUCHS GEWURZE DO BRASIL LTDA,2062,5,"24505621,98",5.0
300,65599953,CAPGEMINI BRASIL S/A,2054,10,"1695617942,80",5.0
301,65897910,TAUSTE SUPERMERCADOS LTDA,2062,49,"29910000,00",5.0
302,65943789,POLOPOS ENGENHARIA E COMERCIO LIMITADA,2062,49,"0,00",5.0
303,65987489,MURIAM CONCRETO LTDA,2062,49,"300000,00",5.0
304,66060112,FRACTAL  FORMA ACASO E DIMENSAO EIRELI,2305,65,"1600000,00",5.0
305,66883505,JOSE MAZZUCCO EIRELI,2305,65,"95400,00",3.0
306,67088211,CENTRO COMERCIAL SINO-BRASILEIRO LTDA,2062,49,"100000,00",3.0
307,67405936,PEUGEOT-CITROEN DO BRASIL AUTOMOVEIS LTDA,2062,5,"6960275755,11",5.0
308,67547323,TRANSNETO ARARAQUARA TRANSPORTES LTDA,2062,49,"400000,00",5.0
309,67644476,COMPROMISSO INFORMATICA S/C LTDA,2240,49,"0,00",5.0
310,67858498,LENOXX DO BRASIL COMERCIAL IMPORT.EXPORTADORA LTDA,2062,49,"0,00",5.0
311,68021500,CERRADINHA PARTICIPACOES S.A,2054,16,"110000,00",5.0
312,68250208,LIMPAR - SERVICOS ESPECIALIZADOS E COMERCIO DE PRODUTOS LTDA.,2062,49,"100000,00",5.0
313,68318666,LICEU LEONARDO DA VINCI LTDA,2062,5,"358400,00",5.0
314,68583855,ALDIVA FOMENTO MERCANTIL LTDA,2062,49,"0,00",1.0
315,68750454,INDUSTRIA DE LATICINIOS BANDEIRANTES LTDA,2062,49,"0,00",1.0
316,69006039,GHIROTTI & COMPANHIA PUBLICIDADE LTDA,2062,49,"474526,54",5.0
317,70051370,CACTUS - LOCACAO DE MAO-DE-OBRA LTDA,2062,49,"0,00",1.0
318,70358858,COGENTE CONSULTORIA E GERENCIAMENTO DE PROJETOS - EIRELI,2305,65,"100000,00",5.0
319,71027866,BANCO BS2 S.A.,2054,10,"560704802,54",5.0
320,71208516,ALGAR TELECOM S/A,2046,10,"826831185,18",5.0
321,71220016,ELMAZ TARRAF COMERCIO DE CAMINHOES E ONIBUS LTDA,2062,5,"500000,00",5.0
322,71673990,NATURA COSMETICOS S/A,2046,10,"2000000000,00",5.0
323,71714679,CBB EMPREENDIMENTOS E NEGOCIOS LTDA,2062,49,"6032231,00",5.0
324,71796478,CORDEIRO FIOS E CABOS ELETRICOS LTDA,2062,5,"1150000,00",5.0
325,71884498,COOPERATIVA DE ECON E CRED MUTUO DOS MEDICOS E DEMAIS PROFISSIONAIS DA AREA DE SAUDE DO ESTADO DE SAO PAULO LTDA. UNICRED DO ESTADO DE SAO PAULO,2143,16,"0,00",5.0
326,72027014,J.MACEDO S/A,2054,16,"148955095,02",5.0
327,72111321,ITAIQUARA ALIMENTOS S.A. EM RECUPERACAO JUDICIAL,2054,64,"0,00",5.0
328,72357940,RACIMEC ELETRONICA E SERVICOS SA,2054,10,"8930500,00",5.0
329,72381189,DELL COMPUTADORES DO BRASIL LTDA,2062,5,"930607325,00",5.0
330,72843212,CENTURYLINK COMUNICACOES DO BRASIL LTDA.,2062,5,"674687142,00",5.0
331,72904998,ASPRO PLASTIC INDUSTRIA E COMERCIO DE ARTIGOS PLASTICOS E FERRAMENTARIA LTDA,2062,49,"0,00",5.0
332,72954811,FACTO 1 ADMINISTRACAO LTDA,2062,49,"10000,00",5.0
333,72975667,RECUPERADORA DE MAQUINAS NYTRON LTDA.,2062,49,"150000,00",5.0
334,73626293,FRATELLI VITA BEBIDAS S.A.,2054,10,"234243497,61",5.0
335,74075490,MILENIA AGRO CIENCIAS S.A.,2054,16,"0,00",5.0
336,74466137,UNIMED DE GUARULHOS-COOPERATIVA DE TRABALHO MEDICO,2143,16,"0,00",5.0
337,74534108,PVFARMA COMERCIAL LTDA,2062,49,"0,00",1.0
338,74552142,"ALVORADA CARTOES, CREDITO, FINANCIAMENTO E INVESTIMENTO S.A.",2054,10,"0,00",5.0
339,75114504,MOMENTO CONSTRUCAO CIVIL LTDA,2062,5,"7500000,00",5.0
340,75170191,COMPANHIA MUTUAL DE SEGUROS - EM LIQUIDACAO,2054,13,"61132479,00",5.0
341,75285965,ORCALI SERVICOS ESPECIALIZADOS LTDA,2062,5,"4170000,00",5.0
342,75315333,ATACADAO S.A.,2046,10,"7649116930,66",5.0
343,75751420,DESIGN EMPREENDIMENTOS LTDA,2062,49,"0,00",5.0
344,76078203,EGON KUBITZ E CIA LTDA,2062,49,"0,00",1.0
345,76350115,AUTORAMA AUTOMOVEIS UMUARAMA LIMITADA,2062,49,"0,00",5.0
346,76483817,COMPANHIA PARANAENSE DE ENERGIA,2038,16,"10800000000,00",5.0
347,76492701,BRITANIA ELETRODOMESTICOS SA,2054,16,"280806165,00",5.0
348,76535764,OI S.A. - EM RECUPERACAO JUDICIAL,2046,64,"32538937370,00",5.0
349,76630573,CIA DE CIMENTO ITAMBE,2054,10,"431920000,00",5.0
350,76764448,EMPRESA AUXILIAR DE SEGURANCA LTDA,2062,49,"4500000,00",5.0
351,76801166,O BOTICARIO FRANCHISING LTDA,2062,5,"745410754,00",5.0
352,76836162,COMERCIAL DE COLCHOES GODINHO LTDA,2062,49,"30300,00",1.0
353,76863877,GAMBATTO VEICULOS LTDA,2062,49,"0,00",5.0
354,77000909,V J FUCHS & CIA LTDA,2062,49,"13800000,00",5.0
355,77371789,TRANSRESIDUOS AMBIENTAL S/A,2054,10,"3000000,00",5.0
356,77388007,BOTICA COMERCIAL FARMACEUTICA LTDA,2062,5,"1277226198,00",5.0
357,77418432,DABOL INDUSTRIA E COMERCIO DE MOVEIS LTDA,2062,49,"13740000,00",5.0
358,77500049,MERCADOMOVEIS LTDA,2062,49,"64060651,00",5.0
359,77752293,LAR COOPERATIVA AGROINDUSTRIAL,2143,16,"0,00",5.0
360,77878023,EMPRESA DE DESENVOLVIMENTO URBANO E RURAL DE TOLEDO,2011,10,"0,00",5.0
361,78116043,JS CONSULTORIA LTDA,2062,49,"40000,00",1.0
362,78127271,MADEIREIRA RICKLI LTDA,2062,49,"0,00",3.0
363,78152477,RIO NORTE AGRO PASTORIL LTDA.,2062,49,"76600,00",5.0
364,78256336,ZANOTTI INDUSTRIA E COMERCIO LTDA,2062,49,"192572115,12",5.0
365,78342557,JOIA L. PARTICIPACOES E EMPREENDIMENTOS IMOBILIARIOS LTDA,2062,49,"1089500,00",1.0
366,78626983,BANCO VR S/A,2054,10,"0,00",5.0
367,78855186,BTOMEC FERRAMENTARIA E USINAGEM DE PRECISAO LTDA.,2062,49,"0,00",5.0
368,79189718,V ALBIERO E CIA LTDA,2062,49,"3525000,00",5.0
369,79379491,HAVAN S.A.,2046,16,"300000000,00",5.0
370,79580437,MARCO AVICULTURA LTDA,2062,49,"16934523,00",5.0
371,79647087,4S INFORMATICA INDUSTRIA E COMERCIO LTDA,2062,49,"318182,00",3.0
372,79687588,VIDEPLAST INDUSTRIA DE EMBALAGENS LTDA,2062,49,"32423897,00",5.0
373,79831608,SIM - CAIXA DE ASSISTENCIA A SAUDE,3999,10,"0,00",5.0
374,79922720,FERRAMENTARIA JN LTDA,2062,49,"3800000,00",5.0
375,79942140,TRANSMAGNA TRANSPORTES EIRELI,2305,65,"400000,00",5.0
376,80218886,UNIAR ENGENHARIA DE CLIMATIZACAO LTDA,2062,49,"0,00",1.0
377,80237555,ANTONIO MORO & CIA LTDA,2062,49,"12000000,00",5.0
378,80495856,RPS FOTOGRAFIAS LTDA,2062,49,"0,00",1.0
379,80698442,DOUAT CIA DE PARTICIPACOES,2054,16,"0,00",5.0
380,80703473,ANTONIO LOBASCZ & CIA LTDA,2062,49,"250000,00",5.0
381,80924459,NET LONDRINA LTDA,2062,5,"0,00",5.0
382,81243735,POSITIVO TECNOLOGIA S.A.,2046,16,"742700000,00",5.0
383,81428187,PVC BRAZIL INDUSTRIA DE TUBOS E CONEXOES S/A,2054,64,"1520000,00",5.0
384,81460644,USINA DE BENEFICIAMENTO DE LEITE LATCO LTDA,2062,49,"600000,00",5.0
385,81546004,COMPEF COMERCIO DE PNEUS E FILTROS LTDA,2062,49,"0,00",3.0
386,81639791,HOBI S/A - MINERACAO DE AREIA E CONCRETO,2054,10,"7550005,80",5.0
387,81692238,SAMBAQUI ADMINISTRACAO E PARTICIPACOES LTDA.,2062,5,"2000000,00",5.0
388,81697419,UNIMED DE FOZ DO IGUACU COOPERATIVA DE TRABALHO MEDICO,2143,16,"0,00",5.0
389,81715716,UNIMED REGIONAL DE CAMPO MOURAO - COOPERATIVA DE TRABALHO MEDICO,2143,16,"0,00",5.0
390,81716219,MOINHO ITAIPU SA,2054,16,"25000000,00",5.0
391,82120692,CLINICA DE REABILITACAO FISIOVILLE S/S,2232,49,"1000,00",1.0
392,82196510,REPINHO REFLORESTADORA MADEIRAS E COMPENSADOS LTDA,2062,49,"61700000,00",5.0
393,82508433,COMPANHIA CATARINENSE DE AGUAS E SANEAMENTO CASAN,2038,16,"884947321,37",5.0
394,82595968,"E. GOMES COMERCIO, IMPORTACAO E EXPORTACAO - EIRELI",2305,65,"200000,00",5.0
395,82636986,TEKA TECELAGEM KUEHNRICH SA - EM RECUPERACAO JUDICIAL,2046,5,"0,00",5.0
396,82643131,N B FALCE CIA LTDA,2062,49,"2000000,00",5.0
397,82643537,ELECTRO ACO ALTONA S A,2046,10,"57184079,84",5.0
398,82881707,DERLY JOSE TAFFAREL,2135,50,"0,00",1.0
399,82981812,BUETTNER S/A - INDUSTRIA E COMERCIO - EM RECUPERACAO JUDICIAL,2046,64,"0,00",5.0
400,83062463,ULTRAPISO INDUSTRIA COMERCIO E IMPORTACAO EIRELI,2305,65,"1200000,00",5.0
401,83298877,COMETA INDUSTRIA GRAFICA LTDA,2062,49,"0,00",1.0
402,83491985,SECCIONAL BRASIL SA,2054,16,"6597455,85",5.0
403,83644385,IRIANNA ADMINISTRADORA DE BENS E SERVICOS LTDA,2062,49,"0,00",5.0
404,83663625,SIDERURGICA CATARINENSE LTDA,2062,5,"1860000,00",5.0
405,83751339,GOBBI COMERCIAL LTDA,2062,49,"0,00",3.0
406,83948380,JURERE EMPREENDIMENTOS IMOBILIARIOS E SERVICOS LTDA,2062,5,"5049837,86",5.0
407,84046101,BUNGE ALIMENTOS S/A,2054,10,"3105450051,70",5.0
408,84429737,MALWEE MALHAS LTDA,2062,5,"667085902,00",5.0
409,84498070,BERTOLINI DA AMAZONIA INDUSTRIA E COMERCIO LTDA,2062,5,"12075000,00",5.0
410,84590892,HERMASA NAVEGACAO DA AMAZONIA LTDA,2062,5,"203545349,00",5.0
411,84967330,POSTO V BRAMBILA LTDA,2062,49,"1600000,00",5.0
412,85040103,BAYONNE COSMETICOS LTDA,2062,49,"4800000,00",5.0
413,85120939,DUDALINA SA,2054,10,"120000000,00",5.0
414,85131704,DISTRIBUIDORA RIOMAFRENSE DE VEICULOS S/A,2054,10,"0,00",5.0
415,85150613,AMERICANPET INDUSTRIA COMERCIO IMPORTACAO E EXPORTACAO DE EMBALAGENS PLASTICAS LTDA,2062,49,"9000000,00",5.0
416,85305258,ASIA DISTRIBUIDORA DE UTILIDADES DOMESTICAS LTDA,2062,49,"1005800,00",5.0
417,85446821,ZARPELON & ASSOCIADOS CONSULTORIA E TREINAMENTOS LTDA,2062,49,"0,00",5.0
418,85779049,HEIDRICH INDUSTRIAL MERCANTIL E AGRICOLA SA,2054,10,"6105413,24",5.0
419,86046448,CONDOR S.A,2054,10,"100000000,00",5.0
420,86047198,BUDDEMEYER S/A,2054,16,"64784445,99",5.0
421,86430899,J A T ENGENHARIA E CONSTRUCOES LTDA,2062,49,"3000000,00",5.0
422,86528700,REAL GUINDASTES E EQUIPAMENTOS LTDA,2062,49,"6500000,00",5.0
423,86548294,VIDECAR LTDA,2062,49,"3000000,00",5.0
424,86613403,TORA RECINTOS ALFANDEGADOS S/A,2054,10,"26500000,00",5.0
425,86726452,PEG CRED PROMOTORA DE VENDAS E PARTICIPACOES S/A,2054,16,"401000,00",5.0
426,86878469,SUL AMERICA SEGURO SAUDE S.A.,2054,16,"0,00",5.0
427,86962081,TECHNET ENGENHARIA EIRELI,2305,65,"150000,00",5.0
428,87001335,PURAS DO BRASIL SOCIEDADE ANONIMA,2054,5,"0,00",5.0
429,87040598,GERDAU INTERNACIONAL EMPREENDIMENTOS LTDA -GRUPO GERDAU,2062,5,"4860000000,00",5.0
430,87060331,RUDDER SEGURANCA LTDA,2062,49,"0,00",5.0
431,87200150,SEIXAL PARTICIPACOES LTDA.,2062,5,"486947,00",5.0
432,87300448,UNIMED - COOPERATIVA DE SERVICOS DE SAUDE DOS VALES DO TAQUARI E RIO PARDO LTDA.,2143,16,"0,00",5.0
433,87547394,AIDA ALIMENTOS LTDA,2062,49,"0,00",5.0
434,87547428,VINICOLA SALTON S.A.,2054,16,"160473915,68",5.0
435,87780268,"COOPERATIVA DE CREDITO, POUPANCA E INVESTIMENTO UNIAO DE ESTADOS RIO GRANDE DO SUL, SANTA CATARINA E MINAS GERAIS - SICREDI UNIESTADOS",2143,10,"0,00",5.0
436,87792479,PAMPELL PORTO ALEGRE MAQUINAS PECAS EQUIP E LOCAC LTDA,2062,49,"0,00",5.0
437,88028873,PAREXGROUP INDUSTRIA E COMERCIO DE ARGAMASSAS LTDA,2062,5,"111426646,00",5.0
438,88113477,CODECA COMPANHIA DE DESENVOLVIMENTO DE CAXIAS DO SUL,2038,16,"14402565,00",5.0
439,88258884,UNIMED VALE DO SINOS - COOPERATIVA DE ASSISTENCIA A SAUDE LTDA,2143,16,"0,00",5.0
440,88451455,C S SCHNEIDER CASAS DE TINTAS LTDA - EM RECUPERACAO JUDICIAL,2062,64,"0,00",5.0
441,88612049,RANDON SA IMPLEMENTOS E SISTEMAS AUTOMOTIVOS,2054,16,"0,00",5.0
442,88624242,INSTALADORA SAO MARCOS LTDA,2062,49,"50670000,00",5.0
443,88732318,UNIMED ALTO DA SERRA - SOCIEDADE COOPERATIVA DE SERVICO MEDICO LTDA,2143,16,"0,00",5.0
444,88921259,CGC CENTRO DE GINECOLOGIA E CITOLOGIA LTDA,2062,49,"10000,00",1.0
445,88973722,GALVA INDUSTRIA E COMERCIO LTDA,2062,49,"0,00",5.0
446,89438824,HOFFMANN AGROCOMERCIAL LTDA.,2062,49,"2000000,00",5.0
447,89538581,BANK OF AMERICA BRASIL HOLDINGS LTDA,2062,5,"0,00",5.0
448,89606933,ETERPEL EMPRESA MUNICIPALDO TERMINAL RODOVIARIO DE PEL.,2011,5,"1158374,88",5.0
449,89620298,LABORATORIO ROSETTI LTDA,2062,49,"0,00",5.0
450,89637490,KLABIN S.A.,2046,10,"4475624836,00",5.0
451,89738553,CENTRAL DISTRIBUICAO DE ALIMENTOS LTDA,2062,5,"0,00",5.0
452,89981104,OCEAN EXPRESS SERVICOS EM COMERCIO EXTERIOR LTDA,2062,49,"625000,00",5.0
453,90049289,IRWIN INDUSTRIAL TOOL FERRAMENTAS DO BRASIL LTDA,2062,5,"125483594,00",5.0
454,90063736,POLISUL COMERCIAL AGRICOLA EIRELI,2305,65,"2000000,00",5.0
455,90114299,TRAMONTINA CENTRAL DE ADMINISTRACAO LTDA,2062,5,"250000,00",5.0
456,90157108,MEPEL MAQUINAS E EQUIPAMENTOS LTDA,2062,49,"930000,00",5.0
457,90400888,BANCO SANTANDER (BRASIL) S.A.,2046,10,"57000000000,00",5.0
458,90576356,DIPESUL VEICULOS LTDA,2062,49,"31794876,79",5.0
459,90999392,MONTECARLO EQUIPAMENTOS E TRANSPORTES LTDA,2062,49,"0,00",3.0
460,91007609,MEKAL PRODUTOS QUIMICOS LTDA,2062,5,"640000,00",5.0
461,91156471,IMPORTADORA E EXPORTADORA DE CEREAIS SA,2054,10,"125015121,17",5.0
462,92080035,PERTO S A PERIFERICOS PARA AUTOMACAO,2054,16,"0,00",5.0
463,92189356,ARTHUR LANGE SA INDUSTRIA E COMERCIO,2046,10,"0,00",5.0
464,92258961,JORGE ANDRE HORTA & CIA LTDA,2062,49,"0,00",3.0
465,92341288,"ANDAIME- PROJETOS, LOCACOES E MONTAGENS LTDA",2062,49,"0,00",5.0
466,92620574,GOLD NEGOCIOS E PARTICIPACOES LTDA,2062,5,"95000000,00",5.0
467,92753268,STEMAC SA GRUPOS GERADORES EM RECUPERACAO JUDICIAL,2054,64,"190000000,00",5.0
468,92758085,DANA-ALBARUS INDUSTRIA E COMERCIO DE AUTOPECAS LTDA.,2062,5,"180535846,00",5.0
469,92762343,COMERCIAL BOM DE ALIMENTOS LTDA.,2062,49,"0,00",5.0
470,92791243,IRANI PAPEL E EMBALAGEM S.A.,2046,10,"566894847,81",5.0
471,92811959,FUNDACAO BANRISUL DE SEGURIDADE SOCIAL,3069,16,"0,00",5.0
472,92930643,ECOPLAN ENGENHARIA LTDA,2062,49,"15000000,00",5.0
473,94310208,CGC CENTRO DE GINECOLOGIA E CITOLOGIA LTDA,2062,49,"10000,00",3.0
474,95381091,L R F AUTO PECAS LTDA,2062,49,"0,00",3.0
475,95600235,MARZARI ALIMENTOS LTDA,2062,49,"6472080,00",5.0
476,95607909,TELEVISAO IMEMBUI SA,2054,10,"0,00",5.0
477,96206313,UMICORE BRASIL LTDA.,2062,5,"351430919,47",5.0
478,96215462,JETPLAN ENGENHARIA LTDA,2062,49,"0,00",5.0
479,96790357,CAPITANIA EMPREENDIMENTOS TURISTICOS LTDA,2062,49,"720000,00",3.0
480,97004964,PACTUM CONSULTORIA EMPRESARIAL LTDA,2062,49,"3925027,00",3.0
481,97471676,DISTRIBUIDORA DE COMBUSTIVEIS SAARA S.A. EM RECUPERACAO JUDICIAL,2054,64,"34300000,00",5.0
482,97748958,CALCADOS BIBI LTDA,2062,49,"68300000,00",5.0
483,0,BANCO DO BRASIL SA,2038,10,"90000000000,00",5.0
484,802,HC PNEUS S/A,2054,10,"144778864,00",5.0
485,1180,CENTRAIS ELETRICAS BRASILEIRAS SA,2038,16,"0,00",5.0
486,14385,BV TRADING S.A.,2054,10,"0,00",5.0
487,16042,NAJAR IMOBILIARIA LTDA,2062,49,"0,00",5.0
488,41327,CURINGA EMPREENDIMENTOS IMOBILIARIOS LTDA,2062,49,"11600225,00",5.0
489,63960,WMB SUPERMERCADOS DO BRASIL LTDA.,2062,5,"5945786656,00",5.0
490,67215,CICAL AGENCIAMENTO DE SERVICOS LTDA,2062,5,"0,00",5.0
491,73957,ELETROSUL CENTRAIS ELETRICAS S/A,2038,16,"0,00",5.0
492,74024,EXPANDRA ESTAMPARIA E MOLAS LTDA,2062,49,"8184,00",5.0
493,91430,CANAL EXPORTADORA E IMPORTADORA LTDA,2062,49,"0,00",1.0
494,108786,NET SERVICOS DE COMUNICACAO S/A,2046,5,"6492274162,62",5.0
495,122145,AFTON CHEMICAL INDUSTRIA DE ADITIVOS LTDA.,2062,5,"15110097,00",5.0
496,130107,EPANOR AGROPECUARIA LTDA,2062,49,"9329594,00",5.0
497,156660,ESTRELA DO GUARUJA ADMINISTRACAO E PARTICIPACOES LTDA,2062,49,"1325000,00",5.0
498,169372,PAES & GREGORI LTDA,2062,49,"57925000,00",5.0
499,169743,PARDELLI EMPREENDIMENTOS E PARTICIPACOES LTDA,2062,49,"1000000,00",5.0
500,186264,PLATINA GESTAO DE NEGOCIOS LTDA.,2062,5,"9928539,00",5.0
501,205113,MCF - COMERCIAL DE FRUTAS LTDA,2062,49,"0,00",1.0
502,217622,LATINA ELETRODOMESTICOS S/A - EM RECUPERACAO JUDICIAL,2054,64,"0,00",5.0
503,236001,DAF INDUSTRIA METALURGICA LTDA,2062,49,"47000,00",5.0
504,243144,"ABIBI , STURMER & CIA LTDA",2062,49,"1480000,00",5.0
505,252713,SUPERMERCADOS NOVA ESPERANCA LTDA,2062,49,"192093,00",5.0
506,258857,ELITE LOCACAO DE MAQUINAS E EQUIPAMENTOS LTDA.,2062,49,"300000,00",3.0
507,280273,SAMSUNG ELETRONICA DA AMAZONIA LTDA,2062,5,"1038408444,46",5.0
508,286462,ISCAR DO BRASIL COMERCIAL LTDA,2062,5,"132577432,00",5.0
509,289515,PETROPAR PETROLEO E PARTICIPACOES LTDA,2062,49,"273900275,00",5.0
510,329010,DEMARCO INDUSTRIA E COMERCIO DE PLASTICOS LTDA,2062,49,"0,00",1.0
511,332087,SECURITY SEGURANCA LTDA,2062,5,"6050000,00",5.0
512,363548,COMPERACO - COMERCIO E INDUSTRIA DE FERRO E ACO EIRELI,2305,65,"100000,00",3.0
513,383281,BNDES PARTICIPACOES SA BNDESPAR,2046,10,"0,00",5.0
514,407975,GANCAU GANDU COMERCIAL DE CACAU LTDA,2062,49,"0,00",5.0
515,411002,FRIGORIFICO MERCOSUL S/A,2054,10,"8110000,00",5.0
516,412839,NEXA TECNOLOGIA LTDA,2062,5,"250000,00",5.0
517,416861,HEMISFERIO HOLDING LTDA,2062,49,"219898143,00",5.0
518,416972,CORSB RADIOTERAPIA E MEGAVOLTAGEM LTDA,2062,49,"10000,00",5.0
519,465114,FIMATEC COMERCIO E REPRESENTACOES LTDA,2062,49,"200000,00",5.0
520,466591,COBB-VANTRESS BRASIL LTDA,2062,5,"160750004,00",5.0
521,469550,SOROSISTEM MATERIAIS COMPOSTOS S.A.,2054,10,"466265300,64",5.0
522,472355,SENDI ENGENHARIA E CONSTRUCOES LTDA.,2062,5,"10000000,00",5.0
523,527422,MYTHUS TECNOLOGIA LTDA,2062,49,"50000,00",3.0
524,535681,COMPANHIA PARANAENSE DE GAS COMPAGAS,2038,10,"220965711,15",5.0
525,546997,"GICS INDUSTRIA, COMERCIO E SERVICOS S.A.",2054,10,"1256434079,92",5.0
526,558943,SERVITIUM EIRELI,2305,65,"12500000,00",5.0
527,560366,USINA HIDRELETRICA GUILMAN-AMORIM S/A,2054,16,"0,00",5.0
528,572960,YOLANDA PARTICIPACOES S/A,2054,16,"276451430,79",5.0
529,580504,NETUNO ALIMENTOS S/A EM RECUPERACAO JUDICIAL,2054,64,"74729988,12",5.0
530,589293,LATAM (BRASIL) REPRESENTACOES LTDA.,2062,5,"89670401,00",5.0
531,595322,DENUSA DESTILARIA NOVA UNIAO S/A - EM RECUPERACAO JUDICIAL,2054,16,"0,00",5.0
532,615832,CONSTRUTORA HAB-FACIL LTDA,2062,49,"0,00",1.0
533,625841,ENGEX 01 ENGENHARIA LTDA,2062,49,"400000,00",5.0
534,659574,RAIMUNDO FERREIRA DA SILVA,2135,50,"0,00",1.0
535,690271,"EGA - ADMINISTRACAO, PARTICIPACOES E SERVICOS LTDA",2062,5,"6400,00",1.0
536,706474,GAS MIRANDA LTDA,2062,49,"40000,00",5.0
537,736859,MAXION SISTEMAS AUTOMOTIVOS LTDA.,2062,5,"0,00",5.0
538,752970,NET SIGN COMUNICACAO VISUAL LTDA,2062,49,"500000,00",5.0
539,759259,S J CARVALHO RESTAURANTE,2135,50,"0,00",1.0
540,762455,NIPRO MEDICAL LTDA,2062,5,"231652074,00",5.0
541,768809,M K G ALIMENTOS LTDA,2062,49,"0,00",5.0
542,787508,PRO-VACCINA - CENTRO DE IMUNIZACAO LTDA,2240,49,"0,00",3.0
543,789312,TW ESPUMAS LTDA.,2062,5,"39702867,00",5.0
544,791919,OCS INVESTIMENTOS SA,2054,16,"44500000,00",5.0
545,795956,MARIA APARECIDA ALEIXO DE GOUVEA,2135,50,"0,00",5.0
546,813559,PLASTIX TRADING INDUSTRIA E COMERCIO DE PLASTICOS LTDA,2062,49,"50000,00",5.0
547,814022,EDGAR GUIMARAES CURSOS & TREINAMENTOS LTDA,2062,49,"40000,00",1.0
548,820120,ELANCO SAUDE ANIMAL LTDA,2062,5,"316010692,00",5.0
549,824186,BOAVISTA ADMINISTRADORA DE CARTOES DE CREDITO LTDA,2062,49,"0,00",5.0
550,835301,BALL EMBALAGENS LTDA,2062,5,"1459017073,00",5.0
551,846253,POLIMAQ EQUIPAMENTOS AGROINDUSTRIAIS LTDA,2062,49,"4500000,00",5.0
552,853751,RRG TRANSPORTES RODOVIARIOS LTDA,2062,49,"0,00",3.0
553,880935,UNILEVER BRASIL NORDESTE PRODUTOS DE LIMPEZA S/A,2054,10,"0,00",5.0
554,882430,BMW DO BRASIL LTDA,2062,5,"1358158000,00",5.0
555,883581,VOLKSWAGEN COMERCIO E PARTICIPACOES LTDA,2062,49,"0,00",5.0
556,887612,CONVIG VIGILANCIA E SEGURANCA EIRELI,2305,65,"1440000,00",3.0
557,892208,VILAS INDUSTRIA E COMERCIO DE COUROS LTDA,2062,49,"1390000,00",5.0
558,904951,UP BRASIL - POLICARD SYSTEMS E SERVICOS S.A.,2054,10,"229336083,14",5.0
559,906429,REMEC EQUIPAMENTOS INDUSTRIAIS LTDA,2062,49,"50000,00",5.0
560,910496,DUPONT PERFORMANCE COATINGS S.A.,2054,10,"0,00",5.0
561,915950,COOPERATIVA DE ECONOMIA E CREDITO MUTUO SICOOB COOPERCREDI-SP,2143,16,"0,00",5.0
562,923117,CLINICA DRA LAILA TUFFI HASSAN ARRUDA LTDA,2062,49,"2000,00",3.0
563,986846,ST JUDE MEDICAL BRASIL LTDA,2062,5,"111791909,00",5.0
564,1007799,BRASICOR AGENCIA DE VIAGENS LTDA,2062,49,"0,00",1.0
565,1009681,GE POWER & WATER EQUIPAMENTOS E SERVICOS DE ENERGIA E TRATAMENTO DE AGUA LTDA.,2062,5,"1045436522,00",5.0
566,1030942,CAVO SERVICOS E SANEAMENTO S/A,2054,10,"812512357,88",5.0
567,1048970,DAYTEC LTDA,2062,49,"0,00",5.0
568,1072992,DGTECH INDUSTRIA E COMERCIO LTDA.,2062,49,"2337000,00",5.0
569,1081435,BONILHA COBRANCAS LTDA,2062,49,"20000,00",3.0
570,1088830,SOCIEDADE ANHANGUERA DE ENSINO LTDA,2062,49,"346044,00",5.0
571,1107050,AUGE ENGENHARIA LTDA,2062,49,"7000000,00",3.0
572,1107389,SANIPLAN LABORATORIOS LTDA,2062,5,"17189000,00",5.0
573,1109184,UNIVERSO ONLINE S/A,2054,10,"11625382,00",5.0
574,1124920,GRUPO CAWAMAR COMERCIO DE BEBIDAS ADMINISTRACAO E PARTI,2062,49,"4580000,00",5.0
575,1133510,MINERADORA SANTO EXPEDITO LTDA,2062,49,"86079156,00",5.0
576,1140310,BANDEIRA RECUPERACAO DE CREDITO E ASSESSORIA DE COBRANCA LTDA,2062,49,"60000,00",5.0
577,1149953,BV FINANCEIRA SA CREDITO FINANCIAMENTO E INVESTIMENTO,2054,10,"367619210,03",5.0
578,1166372,LG ELECTRONICS DO BRASIL LTDA,2062,5,"229716390,58",5.0
579,1167562,EGYPT ENGENHARIA E PARTICIPACOES LTDA,2062,49,"2200000,00",5.0
580,1182125,SNC INDUSTRIA DE COSMETICOS LTDA -,2062,64,"1000000,00",5.0
581,1189830,COMPANHIA OPERADORA DE RODOVIAS,2054,10,"0,00",5.0
582,1202762,"SUDAMBEEF, INDUSTRIA, COMERCIO, IMPORTACAO E EXPORTACAO LTDA",2062,5,"385906,00",5.0
583,1219624,BV SERVICOS LTDA,2062,5,"0,00",5.0
584,1267722,BRUNELLI POYASTRO ENGENHARIA E CONSTRUCOES LTDA,2062,49,"0,00",3.0
585,1287588,DASS NORDESTE CALCADOS E ARTIGOS ESPORTIVOS S.A,2054,10,"1042650000,00",5.0
586,1340937,GALVAO ENGENHARIA S/A,2054,16,"860143614,00",5.0
587,1347926,CAMF CONSTRUCOES EIRELI,2305,65,"3600000,00",3.0
588,1350934,CBP SUL - COLCHOES E ESPUMAS INDUSTRIAIS LTDA,2062,49,"6952040,00",5.0
589,1352926,PACKSEVEN - INDUSTRIA E COMERCIO LTDA EM RECUPERACAO JUDICIAL,2062,64,"468334,00",5.0
590,1355296,AGROMON S/A AGRICULTURA E PECUARIA,2054,16,"0,00",5.0
591,1374583,MEDEIROS E GUIMARAES INSTALACOES ELETRICAS LTDA,2062,49,"300000,00",3.0
592,1381916,BOHEMIA EXPORTADORA DE MANUFATURADOS LTDA,2062,49,"0,00",1.0
593,1416845,SERVINET SERVICOS LTDA,2062,5,"11010000,00",5.0
594,1435768,COMERCIAL FACIS LTDA.,2062,49,"1000000,00",5.0
595,1440590,FRESENIUS MEDICAL CARE LTDA,2062,5,"443149696,00",5.0
596,1449138,REGGIA ENGENHARIA LTDA,2062,49,"0,00",5.0
597,1463054,CONSULT SUL CONSULTORIA E AUDITORIA S/C LTDA,2240,28,"0,00",5.0
598,1465971,COMVIX TRADING S/A,2054,16,"92396000,00",5.0
599,1468951,ED FORT COMERCIAL IMPORTADORA E EXPORTADORA LTDA,2062,49,"800000,00",5.0
600,1481481,BEBIDA GOSTOSA MG INDUSTRIA COMERCIO DE ALIMENTOS E EXPORTACAO EIRELI,2305,65,"0,00",3.0
601,1491624,PRONTO ATENDIMENTO MEDICO RAPHAEL PAPA LTDA,2062,49,"30000,00",1.0
602,1499085,DIGILAB SOLUCOES TECNOLOGICAS LTDA,2062,49,"1500000,00",5.0
603,1500016,EMBALO EMBALAGENS LOGICAS LTDA,2062,49,"62000,00",5.0
604,1505054,SUPREV - SERVICOS DE CONSULTORIA E ASSESSORIA EM PREVIDENCIA S/S LTDA.,2240,5,"1500,00",5.0
605,1506990,CALCADOS ANIGER NORDESTE LTDA,2062,49,"0,00",5.0
606,1522213,NORF CONSULTORIA E PROMOCOES DE EVENTOS LTDA,2062,49,"480000,00",5.0
607,1522368,BANCO BNP PARIBAS BRASIL S.A.,2054,16,"1754606180,29",5.0
608,1523371,DB GRAUS ENGENHARIA LTDA,2062,49,"200000,00",3.0
609,1533094,BANDUG ASSESSORIA EMPRESARIAL LTDA.,2062,49,"0,00",5.0
610,1533929,LIQUOR SPINAFRANCA LTDA.,2240,49,"0,00",1.0
611,1534510,TELEVISAO ANHANGUERA S/A,2054,16,"46713334,00",5.0
612,1535160,GRUPO OK CONSTRUCOES E INCORPORACOES LTDA,2062,5,"21400000,00",5.0
613,1540541,BANCO BEG S.A,2054,10,"860000000,00",5.0
614,1542240,JORLAN SA VEICULOS AUTOMOTORES IMPORTACAO E COMERCIO,2054,10,"42810000,00",5.0
615,1554285,CERTISIGN CERTIFICADORA DIGITAL S.A,2054,10,"0,00",5.0
616,1562879,MEDICAL IMAGEM LTDA.,2240,49,"60000,00",5.0
617,1582044,SMAFF AUTOMOVEIS LTDA,2062,49,"33820458,66",5.0
618,1583150,GERARDO'S DISTRIBUIDORA LTDA,2062,49,"0,00",5.0
619,1585320,BR PARTICIPACOES E EMPREENDIMENTOS S A,2054,10,"0,00",5.0
620,1588770,UOL DIVEO TECNOLOGIA S.A.,2054,10,"324812200,33",5.0
621,1592514,NETCRACKER TECHNOLOGY DO BRASIL - SOLUCOES EM TECNOLOGIA DA INFORMACAO LTDA,2062,5,"546811,00",5.0
622,1593138,"UNISANTA - ADMINISTRACAO, PARTICIPACOES E SERVICOS MEDICOS LTDA",2062,49,"1968054,00",5.0
623,1594244,CAPITALIZA EMPRESA DE CAPITALIZACAO S.A.,2054,16,"0,00",5.0
624,1597168,TINTO HOLDING LTDA MASSA FALIDA,2062,64,"1533704190,00",5.0
625,1599846,BECOAL PARTICIPACOES E EMPREENDIMENTOS LTDA,2062,49,"718000,00",5.0
626,1618551,HYDRONORTH S/A,2054,16,"11394518,00",5.0
627,1637895,VOTORANTIM CIMENTOS S.A.,2054,16,"7723353218,99",5.0
628,1641184,CAMBOA - HOTEIS LTDA,2062,49,"0,00",5.0
629,1644193,ELEKTRO COMERCIALIZADORA DE ENERGIA LTDA.,2062,5,"100000,00",5.0
630,1644931,A.S.E. DISTRIBUICAO LTDA.,2062,5,"1980000,00",1.0
631,1645547,SUL AMERICA INVESTIMENTOS E PARTICIPACOES S/A,2054,16,"0,00",5.0
632,1651102,M&G FIBRAS E RESINAS LTDA.,2062,5,"150916984,00",5.0
633,1676801,RACE COMERCIO IMPORTACAO E EXPORTACAO LTDA,2062,49,"1750000,00",5.0
634,1683557,SOLL DISTRIBUIDORA DE PETROLEO LTDA,2062,5,"11201429,00",5.0
635,1687284,ROAN ALIMENTOS LTDA,2062,49,"0,00",5.0
636,1704513,SUL AMERICA SEGUROS DE PESSOAS E PREVIDENCIA S.A.,2054,16,"498350411,50",5.0
637,1758506,ASSESSORTEC ASSISTENCIA FISCO CONTABIL LTDA,2232,49,"10000,00",1.0
638,1764595,JOELSON CORRETORA DE VEICULOS LTDA,2062,49,"10000,00",1.0
639,1784239,CROWLEY BROADCAST ANALYSIS DO BRASIL LTDA,2062,5,"0,00",5.0
640,1797671,MIZU S/A,2054,10,"97700000,00",5.0
641,1826229,COTIA VITORIA SERVICOS E COMERCIO S/A,2054,16,"75843765,00",5.0
642,1830145,ROVER DISTRIBUIDORA - IMPORTACAO E EXPORTACAO LTDA,2062,49,"0,00",5.0
643,1855244,FORD PARTICIPACOES LTDA.,2062,5,"64010000,00",5.0
644,1855536,SYNAPSIS BRASIL S/A,2054,10,"24087326,89",5.0
645,1857221,INDAL DO BRASIL LTDA,2062,5,"2761571,00",5.0
646,1912192,LUFTHANSA CARGO A G,2178,17,"0,00",5.0
647,1913970,VW DO BRASIL PARTICIPACOES LTDA,2062,49,"210848101,00",5.0
648,1914288,TECNIMONT DO BRASIL CONSTRUCAO E ADMINISTRACAO DE PROJETOS LTDA,2062,5,"607111501,00",5.0
649,1918378,EUROFLEX INDUSTRIA E COMERCIO DE COLCHOES LTDA,2062,49,"11388601,00",5.0
650,1927184,USE MOVEIS PARA ESCRITORIO LTDA EM RECUPERACAO JUDICIAL,2062,64,"6742184,00",5.0
651,2003402,ADM DO BRASIL LTDA,2062,5,"2960988181,00",5.0
652,2007074,FLORA MEDICINAL J. MONTEIRO DA SILVA LTDA. - EM LIQUIDACAO,2062,13,"33270856,00",5.0
653,2030354,TRANSPORTADORA MATUPA EIRELI,2305,65,"1000000,00",1.0
654,2039540,CARDAO COMERCIO E IMPORTACAO LTDA,2062,49,"900000,00",5.0
655,2042860,SOGEFI SUSPENSION BRASIL LTDA.,2062,5,"37161683,00",5.0
656,2044059,OERLIKON BALZERS REVESTIMENTOS METALICOS LTDA.,2062,49,"31343163,00",5.0
657,2064301,OURO VERDE ARMAZENS GERAIS LTDA,2062,49,"2500000,00",3.0
658,2079920,J. ANDRADE NEGOCIOS IMOBILIARIOS LTDA,2062,5,"5200000,00",5.0
659,2111102,CENTAURO GRAFICA E EDITORA LTDA.  EM RECUPERACAO JUDICIAL,2062,64,"4282155,00",5.0
660,2124580,ENGCON ENGENHARIA E CONSTRUCOES LTDA,2062,49,"580000,00",3.0
661,2161554,DEC ASSESSORIAS & FOMENTO EMPRESARIAL LTDA,2062,49,"0,00",1.0
662,2164892,UTC PARTICIPACOES S/A - EM RECUPERACAO JUDICIAL,2054,64,"503510000,00",5.0
663,2167325,GE TRANSPORTES FERROVIARIOS S.A,2054,16,"90142985,00",5.0
664,2180133,ITAU RENT ADMINISTRACAO E PARTICIPACOES LTDA,2062,5,"365639077,74",5.0
665,2180624,GENERAL CABLE BRASIL INDUSTRIA E COMERCIO DE CONDUTORES ELETRICOS LTDA.,2062,5,"536087471,00",5.0
666,2184143,DEUTSCHE BANK - CORRETORA DE VALORES S.A.,2054,10,"0,00",5.0
667,2190592,MAXVEL CORRETORA E ADMINISTRADORA DE SEGUROS SOCIEDADE SIMPLES,2240,49,"10000,00",3.0
668,2191835,OFFICE FACTORING FOMENTO MERCANTIL LTDA,2062,49,"0,00",1.0
669,2216104,INDUSTRIAS BECKER LTDA,2062,49,"1397354,00",5.0
670,2233622,GOTEMBURGO VEICULOS LTDA,2062,5,"49936416,00",5.0
671,2236908,S RIKO AUTOMOTIVE HOSE DO BRASIL LTDA,2062,5,"178495406,00",5.0
672,2248344,UNIMED FRUTAL COOPERATIVA DE TRABALHO MEDICO LTDA,2143,16,"0,00",5.0
673,2270243,VARELLA VEICULOS PESADOS LTDA,2062,49,"0,00",5.0
674,2280176,CEMISA PARTICIPACOES LTDA,2062,5,"187164231,80",5.0
675,2284062,HOSPITAL ESPERANCA SA,2054,5,"898172265,48",5.0
676,2301755,ENGEFORT SISTEMA AVANCADO DE SEGURANCA LTDA,2062,49,"400000,00",5.0
677,2307157,POSTO AVENIDA DAS COMUNIDADES LTDA,2062,49,"100000,00",5.0
678,2308397,UNITOM UNIDADE DE DIAGNOSTICO POR IMAGEM S/S LTDA,2240,49,"9000000,00",5.0
679,2315631,COOPERATIVA MISTA AGROPECUARIA DO BRASIL - COOPERMIBRA,2143,16,"0,00",5.0
680,2316187,MARISOL INDUSTRIA TEXTIL LTDA,2062,5,"131350000,00",5.0
681,2326750,INTERCAST S/A,2054,16,"14350450,00",5.0
682,2328592,TELASA CELULAR S\A,2046,10,"0,00",5.0
683,2332973,TELERN CELULAR S A,2046,10,"0,00",5.0
684,2336124,KOMATSU BRASIL INTERNATIONAL LTDA,2062,5,"287875136,00",5.0
685,2342260,LANCE CONSULTORIA EMPREENDIMENTOS E GESTAO DE ATIVOS EIRELI,2305,65,"1000000,00",5.0
686,2359572,ANGLO AMERICAN MINERIO DE FERRO BRASIL S/A,2054,10,"22622544725,08",5.0
687,2362809,SANDY REPRESENTACOES COMERCIAIS LTDA,2062,49,"0,00",3.0
688,2364508,GLOBAL SERVICOS LTDA,2062,49,"1000000,00",5.0
689,2366097,VIANORTE S/A,2046,16,"113651570,64",5.0
690,2372620,MUCURIPE PESCA LTDA,2062,49,"1360000,00",5.0
691,2373973,ITALLBRAS S/A,2054,10,"0,00",5.0
692,2380966,ELO COMUNICACAO LTDA.,2062,5,"16275127,00",5.0
693,2384370,TOP SERVICE SISTEMAS LTDA,2062,5,"11039016,75",5.0
694,2397080,ITAPEBI GERACAO DE ENERGIA SA,2046,10,"38333333,33",5.0
695,2430084,HOMEFISIO FISIOTERAPIA LTDA,2062,49,"900,00",3.0
696,2445871,MARESIAS BEACH HOTEL LTDA,2062,49,"5499963,00",5.0
697,2459432,TTERRASUL - COMERCIO DE VEICULOS LTDA,2062,49,"4600000,00",5.0
698,2502447,CRC - CONSTRUTORA RIBEIRO & CARVALHO LTDA,2062,49,"500000,00",3.0
699,2518875,MEKRA LANG DO BRASIL LTDA.,2062,5,"55486229,58",5.0
700,2538798,QUEIROZ GALVAO S.A,2054,10,"0,00",5.0
701,2541479,PORTELCOM PARTICIPACOES S/A,2054,16,"0,00",5.0
702,2558074,VIVO PARTICIPACOES S.A.,2046,16,"0,00",5.0
703,2558132,TELE CENTRO OESTE CELULAR PARTICIPACOES S.A.,2046,16,"0,00",5.0
704,2558134,TELE NORTE LESTE PARTICIPACOES S.A.,2046,16,"0,00",5.0
705,2558157,TELEFONICA BRASIL S.A.,2046,16,"63571415865,09",5.0
706,2560074,ENGARRAFADORA IGARASSU EIRELI,2305,65,"468000,00",5.0
707,2573315,F G CADETE,2135,50,"0,00",5.0
708,2605028,ARGOLIS HOLDING S.A.,2046,16,"0,00",5.0
709,2607736,SOLPART PARTICIPACOES S/A,2054,16,"0,00",5.0
710,2629188,VESPER SAO PAULO S.A.,2054,16,"0,00",5.0
711,2638940,JTEKT BRASIL LTDA.,2062,5,"247375982,78",5.0
712,2647564,COOPERATIVA DE ECONOMIA E CREDITO MUTUO DOS PROFISSIONAIS DA SAUDE E EMPRESARIOS DE ARARAS E REGIAO,2143,10,"0,00",5.0
713,2682287,PAN ARRENDAMENTO MERCANTIL S.A.,2054,10,"356735500,00",5.0
714,2688984,M H TECNOLOGIA LTDA,2062,49,"0,00",5.0
715,2712991,BS COLWAY PNEUS LTDA,2062,49,"0,00",5.0
716,2717460,JUIZ DE FORA-EMPRESA DE VIGILANCIA LTDA,2062,49,"8000000,00",5.0
717,2723988,KEP INDUSTRIA E COMERCIO DE PLASTICOS LTDA,2062,49,"150000,00",5.0
718,2724775,V. MUCHIUTT VEICULOS E PECAS LTDA.,2062,49,"2300000,00",5.0
719,2742968,COSMEX - EXCELENCIA EM COSMETICOS LTDA,2062,49,"0,00",1.0
720,2751216,TUMELINI FOMENTO MERCANTIL LTDA,2062,49,"0,00",1.0
721,2771893,PASSOPAR S/A,2054,16,"19700,00",5.0
722,2790893,COMPANHIA SIDERURGICA PAULISTA - COSIPA,2054,10,"1763814853,78",5.0
723,2805820,EXTERRAN SERVICOS DE OLEO E GAS LTDA,2062,5,"84714064,00",5.0
724,2808708,COMPANHIA DE BEBIDAS DAS AMERICAS - AMBEV,2046,10,"12730532724,52",5.0
725,2820771,GRIDLAB SISTEMAS E SERVICOS LTDA,2062,49,"5000000,00",5.0
726,2831210,OPERADOR NACIONAL DO SISTEMA ELETRICO ONS,3999,10,"0,00",5.0
727,2862827,MEDGATE INVESTIMENTOS E AGENCIAMENTOS LTDA,2062,49,"0,00",5.0
728,2864364,PLANO DE SAUDE ANA COSTA LTDA.,2062,5,"25106551,00",5.0
729,2864417,HNK BR BEBIDAS LTDA.,2062,5,"587183570,00",5.0
730,2879250,ATENTO BRASIL S/A,2054,16,"247215775,03",5.0
731,2887100,LOCALIZA  SERVICOS PRIME S/A,2054,16,"114600000,00",5.0
732,2901612,FABRIL SHARLENE S/A - EM LIQUIDACAO,2054,13,"0,00",5.0
733,2915025,QUALITY VIDA COMERCIO DE PRODUTOS PARA LABORATORIOS LTDA,2062,49,"1000000,00",5.0
734,2916265,JBS S/A,2046,10,"23631071304,24",5.0
735,2919555,ARTERIS S.A.,2046,10,"5103847554,67",5.0
736,2941990,ITPAC INSTITUTO TOCANTINENSE PRESIDENTE ANTONIO CARLOS S.A,2054,16,"13900000,00",5.0
737,2960895,NILED BRASIL LTDA.,2062,5,"4216701,00",5.0
738,2986955,BUSINESS SOLUTIONS DO BRASIL LTDA,2062,5,"0,00",5.0
739,2988256,MULTIGRAIN VITORIA EXPORTACAO E IMPORTACAO LTDA,2062,49,"0,00",5.0
740,2990728,MONSANTO NORDESTE INDUSTRIA E COMERCIO DE PRODUTOS QUIMICOS LTDA.,2062,5,"43346668,00",5.0
741,2992296,NOVA AMERICA S.A. - TRADING,2054,16,"5085000,00",5.0
742,2995040,NTN ROLAMENTOS DO BRASIL LTDA.,2062,49,"25000000,00",5.0
743,2998301,RIO PARANAPANEMA ENERGIA S.A.,2046,10,"839137503,80",5.0
744,2998611,CTEEP - COMPANHIA DE TRANSMISSAO DE ENERGIA ELETRICA PAULISTA,2046,10,"3590020426,94",5.0
745,3003165,ALLYEN EXTRACAO DE AREIA E FABRICACAO DE CALCADOS LTDA,2062,49,"30000,00",1.0
746,3014007,"INFINITY CORRETORA DE CAMBIO, TITULOS E VALORES MOBILIARIOS S/A",2054,16,"6912160,00",5.0
747,3020917,DONADONI & HARTMANN LTDA,2062,49,"0,00",5.0
748,3030416,BRASAO SERVICOS DE SEGURANCA E VIGILANCIA PATRIMONIAL LTDA,2062,49,"0,00",3.0
749,3032652,INVESTLUZ S.A.,2054,16,"0,00",5.0
750,3060912,AVP INFLAVEIS PROMOCIONAIS LTDA,2062,49,"450000,00",3.0
751,3062543,CENTRO DE ENSINO ATENAS MARANHENSE LTDA,2062,5,"113288364,00",5.0
752,3121356,KRB - CONSTRUTORA DE OBRAS EIRELI,2305,5,"2000000,00",5.0
753,3129424,ANTEX LTDA,2062,5,"48026340,16",5.0
754,3134910,AROSUCO AROMAS E SUCOS LTDA,2062,5,"54685757,54",5.0
755,3143676,CLINICA PREVILABOR LTDA.,2062,49,"50000,00",3.0
756,3168488,FREE - CARNES COMERCIO VAREJISTA DE CARNES LTDA,2062,49,"0,00",5.0
757,3171752,NEWPOWER SISTEMAS DE ENERGIA S.A. - EM RECUPERACAO JUDICIAL,2054,64,"6500000,00",5.0
758,3173828,EMPRESA BRASILEIRA DE LOCACAO E TRANSPORTE LTDA,2062,49,"170000,00",3.0
759,3174849,EM-DOC ODONTOLOGIA DIAGNOSTICA LTDA,2240,49,"0,00",1.0
760,3203941,ISQ BRASIL INSTITUTO DE SOLDADURA E QUALIDADE LTDA,2062,5,"2518806,00",5.0
761,3213075,LEGGETT & PLATT DO BRASIL LTDA,2062,5,"129000000,00",5.0
762,3225684,ADUBOS SUDOESTE LTDA,2062,49,"0,00",5.0
763,3237876,OLIVEIRA & SILVA DISTRIBUIDORA DE PRODUTOS INDUSTRIALIZADOS LTDA,2062,5,"0,00",5.0
764,3247269,ESPOLIO ANEES SALIM SAAD,2135,12,"0,00",5.0
765,3279412,SERVICE COOP- COOPERATIVA DOS PROFISSIONAIS DE TRABALHO PARA O EXERCICIO DE ATIVIDADES ECONOMICAS DESMEMBRADAS - EM LIQUIDACAO,2143,13,"0,00",5.0
766,3282398,METALLICA INDUSTRIAL S/A,2054,16,"0,00",5.0
767,3297362,BALFLEX BRASIL LTDA.,2062,49,"9023341,00",5.0
768,3332531,ZONI SUPERMERCADOS LTDA,2062,49,"0,00",5.0
769,3341345,MERCANTIL REGIONAL DE TRATORES LTDA,2062,49,"5178000,00",5.0
770,3342617,SISTEMA RECIFENSE DE MAQUINAS LTDA,2062,49,"100000,00",3.0
771,3346298,DALQUIM INDUSTRIA E COMERCIO LTDA,2062,49,"4000000,00",5.0
772,3377995,MALHEIROS CONSULTORIA E PLANEJAMENTO LTDA,2240,49,"10000,00",1.0
773,3380763,REFRESCOS BANDEIRANTES INDUSTRIA E COMERCIO LTDA,2062,5,"374860413,00",5.0
774,3384835,PLAYLAND ENTRETENIMENTO LTDA.,2062,5,"53418241,00",5.0
775,3385415,MASSA FALIDA DA INDUSTRIA E COMERCIO DE TINTAS FERRAZ LTDA,2062,64,"0,00",5.0
776,3386603,LIESA - LINHARES EMBALAGENS LTDA,2062,49,"2800000,00",5.0
777,3410855,CP CIMENTO E PARTICIPACOES S.A.,2046,10,"0,00",5.0
778,3415222,AGROFEL AGRO COMERCIAL S.A.,2054,16,"120703520,86",5.0
779,3437493,SL PARTICIPACOES S.A.,2054,10,"0,00",5.0
780,3446617,ARTECA VITORIA IMPORTACAO E EXPORTACAO LTDA,2062,49,"4050000,00",5.0
781,3471344,CAOA MONTADORA DE VEICULOS LTDA,2062,49,"150000000,00",5.0
782,3476811,DIA BRASIL SOCIEDADE LIMITADA,2062,5,"2736993256,11",5.0
783,3497401,BRASFORT EMPRESA DE SEGURANCA LTDA,2062,49,"0,00",5.0
784,3531002,BPBR EMPREENDIMENTOS LTDA.,2062,5,"0,00",5.0
785,3545194,SACILE PARTICIPACOES LTDA,2062,49,"0,00",5.0
786,3571723,PETROGAL BRASIL S.A.,2054,16,"91479700,00",5.0
787,3585951,LOGOS COMISSARIA DE AVARIA E ASSESSORIA JURIDICA LTDA,2062,49,"2100,00",5.0
788,3586159,MASTERCORP DO BRASIL EIRELI,2305,65,"0,00",5.0
789,3620596,DIDICO COMERCIO CONSULTORIA E ASSESSORIA LTDA,2062,49,"1680000,00",5.0
790,3677638,CEB LAJEADO S/A,2038,10,"0,00",5.0
791,3699194,TV OESTE DO PARANA LTDA,2062,49,"0,00",5.0
792,3730204,CAIXA VIDA E PREVIDENCIA S/A,2054,16,"1263649830,52",5.0
793,3752385,CARTA GOIAS INDUSTRIA E COMERCIO DE PAPEIS S.A.,2054,10,"31428452,52",5.0
794,3765290,SERVICE ITORORO EIRELI,2305,65,"1700000,00",5.0
795,3773958,CARLOS ALBUQUERQUE REPRESENTACOES LTDA,2062,49,"200000,00",5.0
796,3792440,SUPPORTCOMM S/A,2054,16,"0,00",5.0
797,3795050,TERMOPERNAMBUCO S/A,2046,10,"400000000,00",5.0
798,3798557,COMERCIAL ATACADISTA FRIZZO LTDA,2062,49,"0,00",1.0
799,3804842,SUPERMERCADO JACARANDA LTDA,2062,49,"80000,00",5.0
800,3832228,APEC - ADMINISTRADORA DE CONSORCIOS S/A,2054,16,"0,00",5.0
801,3853896,MARFRIG GLOBAL FOODS S.A.,2046,16,"8328577961,00",5.0
802,3857349,AGROPESA AGROPECUARIA PORTO DOS GAUCHOS S A,2054,10,"0,00",5.0
803,3861474,PROIMPORT BRASIL LTDA EM RECUPERACAO JUDICIAL,2062,64,"40055076,78",5.0
804,3879177,BRAS CAB DO BRASIL INDUSTRIA E COMERCIO DE MAQUIMAS AGRICOLA,2062,64,"0,00",5.0
805,3896373,DOMIMAR - INDUSTRIA E COMERCIO LTDA,2062,49,"0,00",5.0
806,3910721,MARINA PARK EMPREENDIMENTOS IMOBILIARIOS LTDA,2062,49,"0,00",3.0
807,3914508,ADECON - MANUTENCAO PREDIAL LTDA,2062,49,"700000,00",3.0
808,3919239,"VIX COMERCIAL, IMPORTACAO E EXPORTACAO LTDA",2062,49,"1000000,00",1.0
809,3928294,ITF CHEMICAL LTDA,2062,5,"1000000,00",5.0
810,3937452,CRV INDUSTRIAL LTDA,2062,5,"127620000,00",5.0
811,3941052,ALIBEM ALIMENTOS S.A.,2054,10,"173928942,00",5.0
812,3950968,GEODEX COMMUNICATIONS DO BRASIL S.A.,2054,10,"0,00",5.0
813,3970326,NORDESTE INDUSTRIA E COMERCIO LTDA,2062,5,"129441260,00",5.0
814,4006465,SR SAO PAULO CINEMAS S/A,2054,16,"649990,00",5.0
815,4011946,BRAGA VEICULOS LTDA,2062,5,"24800000,00",5.0
816,4012043,HITACHI ASTEMO MANAUS CHASSIS SYSTEMS LTDA.,2062,5,"53500163,00",5.0
817,4026137,SISTEMA FACIL - TAMBORE 8 VILLAGGIO - SPE LTDA,2062,49,"2118857,00",5.0
818,4033930,ONGC CAMPOS LTDA.,2062,49,"2402484426,00",5.0
819,4036939,CEMIG GERACAO DISTRIBUIDA S.A.-CEMIG GD,2054,16,"10511051,00",5.0
820,4051054,INTERFRUIT ALIMENTOS LTDA,2062,49,"163342,00",5.0
821,4061254,RINALDI ENGENHARIA CIVIL LTDA,2062,49,"100000,00",5.0
822,4061742,BRASA BRASIL ASFALTO S.A,2054,10,"0,00",5.0
823,4062277,FERMINO REPRESENTACOES DE COSMETICOS LTDA,2062,49,"500,00",1.0
824,4064759,VIALCO CONSTRUCOES E PARTICIPACOES LTDA,2062,49,"39215247,00",5.0
825,4072693,TONTYS CAR AUTOMOVEIS LTDA,2062,49,"0,00",1.0
826,4075469,SUL OXIDOS - IND. E COM. LTDA,2062,49,"0,00",5.0
827,4077014,OVERLAND PARTICIPACOES LTDA,2062,49,"9664176,10",5.0
828,4092206,ILHA COMUNICACAO LTDA,2062,49,"10000,00",3.0
829,4102424,TSN TRANSMISSORA SUDESTE NORDESTE S.A.,2054,10,"0,00",5.0
830,4104117,NISSAN DO BRASIL AUTOMOVEIS LTDA,2062,5,"7114517310,00",5.0
831,4123293,BENTONISA COMERCIAL IMPORTADORA E EXPORTADORA LTDA,2062,49,"160000,00",5.0
832,4125304,ALBA ADESIVOS INDUSTRIA E COMERCIO LTDA.,2062,5,"21096761,00",5.0
833,4154059,MARTINS TECNOLOGIA E GESTAO DO VAREJO LTDA,2062,5,"5734435,00",5.0
834,4169215,PETROLEO SABBA SA,2054,10,"552608299,04",5.0
835,4169843,CEMAZ INDUSTRIA ELETRONICA DA AMAZONIA S/A,2054,16,"507401127,32",5.0
836,4184779,BANCO BRADESCARD S.A.,2054,10,"4862677182,81",5.0
837,4195979,JUA INDUSTRIA E COMERCIO DE MADEIRAS EIRELI,2305,65,"200000,00",3.0
838,4206050,TIM CELULAR S.A.,2054,10,"9434215719,87",5.0
839,4210314,FIBERTEX NAOTECIDOS LTDA.,2062,5,"33160453,00",5.0
840,4214651,PACKDUQUE INDUSTRIA DE PLASTICOS LTDA,2062,49,"100000,00",5.0
841,4220505,BLB ELETRONICA LTDA,2062,49,"1800000,00",3.0
842,4260939,NEOCODE - PATOLOGIA CIRURGICA E BIOLOGIA MOLECULAR LTDA.,2062,5,"40000,00",5.0
843,4264393,TAMBAI AUTOMOTORES LTDA,2062,49,"8302000,00",5.0
844,4265872,ITAUTINGA AGRO INDUSTRIAL S A,2054,16,"118552872,90",5.0
845,4278057,SOCIEDADE AMAZONENSE DE EDUCACAO E CULTURA LTDA - SAMEC.,2240,49,"1200000,00",5.0
846,4286670,UNIAO ENGENHARIA LTDA,2062,49,"985000,00",5.0
847,4307733,SERTOR SERVICOS DE ORTOPEDIA E TRAUMATOLOGIA LTDA,2062,49,"25000,00",3.0
848,4312416,FIACAO ESPIRITO SANTO S/A,2054,64,"122586436,00",5.0
849,4337168,MOTO HONDA DA AMAZONIA LTDA,2062,5,"1466281857,00",5.0
850,4340709,CRAI AGROINDUSTRIAL S/A,2054,10,"0,00",5.0
851,4361416,CONSERVADORA AMAZONAS LIMITADA,2062,49,"1700000,00",3.0
852,4374980,IPU CARGAS E SERVICOS LTDA,2062,49,"70000,00",5.0
853,4395499,RIO TIBAGI SERVICOS DE OPERACOES E APOIO RODOVIARIO LTDA,2062,5,"10000,00",5.0
854,4400685,DUMONT SAAB DO BRASIL S/A.,2054,16,"0,00",5.0
855,4409576,ALVES PENTEADO ADVOGADOS S/C,2240,49,"0,00",1.0
856,4436976,GAN RIO APOIO NUTRICIONAL GANUTRE LTDA,2062,5,"25702000,00",5.0
857,4446606,RS CONSTRUCOES E EMPREENDIMENTOS IMOBILIARIOS LTDA.,2062,5,"2200000,00",5.0
858,4471954,CONTATO ENGENHARIA E OBRAS - EIRELI,2305,65,"1250000,00",3.0
859,4491523,TEC HIDRO SERVICOS TECNICOS LTDA,2062,49,"5000000,00",5.0
860,4526876,ICARO ARTEFATOS DE METAIS LTDA,2062,49,"0,00",3.0
861,4545690,F R T OPERADORA DE TURISMO LTDA,2062,49,"400000,00",3.0
862,4563672,SOCIEDADE FOGAS LTDA,2062,49,"250800000,00",5.0
863,4609653,DISTRIBUIDORA DE ALIMENTOS MARFIM LTDA,2062,49,"1000000,00",5.0
864,4639702,LCP FACTORING FOMENTO MERCANTIL LTDA,2062,49,"0,00",1.0
865,4646601,MONTE BLANC EMPREENDIMENTOS IMOBILIARIOS LTDA,2062,5,"4469695,00",5.0
866,4676564,IUPAR - ITAU UNIBANCO PARTICIPACOES S.A.,2054,10,"20000000000,00",5.0
867,4685041,CERPA CENTRAL ENERGETICA RIO PARDO S/A,2054,10,"20272197,00",5.0
868,4696521,VOS CONSTRUTORA E INCORPORADORA LTDA,2062,5,"37802189,00",5.0
869,4698482,PARAGON OFFSHORE DRILLING DO BRASIL LTDA - FALIDO,2062,64,"61682617,00",5.0
870,4706030,ALLTECS - ALL TECHNOLOGIES SYSTEMS LTDA.,2062,49,"20000,00",3.0
871,4709876,ENERCOM INDUSTRIA E COMERCIO DE PLASTICOS LTDA,2062,49,"200000,00",5.0
872,4711143,STRUCTURAL INCORPORACOES E CONSTRUCOES LTDA,2062,49,"500000,00",5.0
873,4718973,MARAJO FRANCE COMERCIO DE AUTOMOVEIS LTDA,2062,49,"3550000,00",5.0
874,4735087,SIDERMIN - SIDERURGICA MINEIRA LTDA,2062,5,"3675000,00",5.0
875,4754028,F.MARINE INDUSTRIA E COMERCIO DE PRODUTOS NAUTICOS EIRELI EM RECUPERACAO JUDICIAL,2305,64,"150000,00",5.0
876,4766458,CENTRO PRUDENTINO DE ONCOLOGIA E CLINICA MEDICA LTDA,2062,49,"36000,00",5.0
877,4785526,ARA EMPREENDIMENTOS LTDA,2062,49,"15000000,00",5.0
878,4791684,TURTONPAR PARTICIPACOES LTDA,2062,5,"20000,00",5.0
879,4826932,CGE - CEARA GERADORA DE ENERGIA LTDA,2062,49,"17718632,00",5.0
880,4838649,BALL EMBALAGENS AMAZONIA LTDA,2062,5,"130296451,00",5.0
881,4866167,ARUANA ENERGIA S.A.,2054,10,"40000000,00",5.0
882,4866462,NOVA CIDADE DE DEUS PARTICIPACOES S.A.,2054,10,"11956580000,00",5.0
883,4874690,MADEIRAS MPA COMERCIO LTDA,2062,49,"900000,00",1.0
884,4887625,BRASIL TERMINAL PORTUARIO S.A.,2054,16,"477020000,00",5.0
885,4897975,MACEDONIA MOVEIS LTDA,2062,49,"0,00",1.0
886,4901277,"BELLAVANA INDUSTRIA, COMERCIO, IMPORTACAO, EXPORTACAO DE TABACOS LTDA",2062,49,"835000,00",5.0
887,4913711,BANCO DO ESTADO DO PARA S A,2038,16,"1300664126,30",5.0
888,4935071,ESTOFADOS RESPLENDOR EIRELI,2305,65,"20000,00",1.0
889,4945676,FERTIVERDE ACREUNA LOCACOES LTDA,2062,49,"22500,00",5.0
890,4951610,GFK DO BRASIL LTDA.,2062,49,"0,00",5.0
891,4972469,MAFRA S/A AGROPECUARIA,2054,10,"66702511,35",5.0
892,4980258,DRICOS MOVEIS E ELETRODOMESTICOS LTDA EM RECUPERACAO JUDICIAL,2062,49,"0,00",5.0
893,4993142,WYZ COMERCIAL DE ALIMENTOS LTDA,2062,5,"0,00",5.0
894,5005351,METLIFE VIDA E PREVIDENCIA S.A.,2054,16,"0,00",5.0
895,5015766,FONTANA HIGIENE E COSMETICOS LTDA.,2062,49,"0,00",5.0
896,5053020,ALBRAS ALUMINIO BRASILEIRO S/A,2054,10,"0,00",5.0
897,5058541,DMARKET INDUSTRIA E COMERCIO DE ARTEFATOS PLASTICOS LTDA,2062,49,"0,00",5.0
898,5093000,ALBINO F SANTOS & CIA LTDA,2062,49,"1500000,00",5.0
899,5111857,DELOITTE TOUCHE OUTSOURCING SERVICOS CONTABEIS E ADMINISTRATIVOS LTDA,2240,49,"841500,00",5.0
900,5200225,BERTILLON VIGILANCIA E TRANSPORTE DE VALORES LTDA EM RECUPERACAO JUDICIAL,2062,64,"0,00",5.0
901,5230601,MODAL ASSET MANAGEMENT LTDA,2062,49,"4847000,00",5.0
902,5240669,ECONOMIA CONSULTORIA TRIBUTARIA LTDA,2062,49,"0,00",1.0
903,5253894,WW TABACOS LTDA,2062,49,"0,00",5.0
904,5262743,LOTE 01 EMPREENDIMENTOS S.A.,2054,10,"551010345,84",5.0
905,5269011,LECUPE PARTICIPACOES S.A.,2054,16,"0,00",5.0
906,5282535,PROQUIGEL QUIMICA S/A,2054,16,"0,00",5.0
907,5286644,W3 FACTORING LTDA,2062,49,"150000,00",5.0
908,5296590,UNILOG - UNIVERSO LOGISTICA LTDA,2062,5,"21891006,00",5.0
909,5340477,A.C.R.M COMERCIAL LTDA,2062,49,"60000,00",5.0
910,5345723,RENOP RENOVADORA DE PNEUS PEIXOTO LTDA,2062,49,"500000,00",5.0
911,5365568,AUTO POSTO ALPHAVILLE EIRELI,2305,65,"100000,00",5.0
912,5428451,AGRIMAR COMERCIO E REPRESENTACOES LTDA,2062,49,"2000,00",3.0
913,5429226,PRAXEDES RIO COMERCIO VETERINARIO LTDA,2062,49,"0,00",5.0
914,5459401,ZERA INTEGRADORA DE SOLUCOES DE INFORMATICA LTDA,2062,49,"500000,00",1.0
915,5566996,PIN PETROQUIMICA PARTICIPACOES S.A.,2054,10,"152036884,59",5.0
916,5600297,INFORMATICA NACIONAL S.A,2054,16,"510000,00",5.0
917,5618698,MAIALE TRANSPORTADORA E COMERCIO DE SUINOS EIRELI,2305,65,"100000,00",1.0
918,5698240,DISTRIBUIDORA BRASILEIRA DE INSUMOS AGROPECUARIOS E AGROINDUSTRIAIS LTDA,2062,49,"600000,00",3.0
919,5750853,DELFI CACAU BRASIL LTDA.,2062,5,"13214754,00",5.0
920,5798208,"CAIUBI INDUSTRIA DE ALIMENTOS S/A -""EM RECUPERACAO JUDICIAL""",2054,16,"0,00",5.0
921,5830195,ORIENT RELOGIOS DA AMAZONIA LTDA,2062,49,"135423480,00",5.0
922,5848387,ALUNORTE ALUMINA DO NORTE DO BRASIL S/A,2054,10,"3787126922,71",5.0
923,5869194,NOVOS NEGOCIOS REPRESENTACOES COMERCIAIS LTDA,2062,49,"15000,00",5.0
924,5874946,HOSPITAL ANTONIO PRUDENTE LTDA,2062,49,"56447114,00",5.0
925,5875119,ARTEMIS TRANSMISSORA DE ENERGIA SA,2054,10,"0,00",5.0
926,5886247,TONIN SOLDAS COMERCIO DE MAQUINAS E FERRAMENTAS EIRELI,2305,65,"260000,00",5.0
927,5896056,PC CASE INDUSTRIA E COMERCIO LTDA,2062,5,"1622629,00",3.0
928,5948981,EUROPACK INDUSTRIA E COMERCIO DE PRODUTOS TERMOPLASTICOS LTDA,2062,49,"50000,00",5.0
929,5962039,COPAL ENGENHARIA E PLANEJAMENTO LTDA,2062,49,"20000000,00",5.0
930,5996801,"INTERSMART COMERCIO, IMPORTACAO E EXPORTACAO DE EQUIPAMENTOS ELETRONICOS LTDA.",2062,5,"127694163,00",5.0
931,6005455,IRIEL INDUSTRIA E COMERCIO DE SISTEMAS ELETRICOS LTDA,2062,5,"98035000,00",5.0
932,6013371,PRIMUS HOLDING S.A,2054,16,"157443820,44",5.0
933,6019693,AGROPECUARIA VILA VELHA LTDA,2062,49,"0,00",5.0
934,6030747,DEV MINERACAO S.A. - EM RECUPERACAO JUDICIAL,2054,64,"1455054879,95",5.0
935,6055186,"EXATA COPIADORA, EDITORA E ASSISTENCIA TECNICA LTDA",2062,49,"0,00",1.0
936,6114935,KOMLOG IMPORTACAO LTDA. - EM RECUPERACAO JUDICIAL,2062,64,"8991709,00",5.0
937,6133329,SK ASSESSORIA E CONSULTORIA CONTABIL LTDA,2062,49,"40000,00",3.0
938,6133472,ZINGARO PARTICIPACOES EM EMPRESAS LTDA,2062,49,"11060554,00",5.0
939,6142076,SANTA MARIA SERVICOS RURAIS DE GUAIRA LTDA,2062,49,"0,00",3.0
940,6147451,CALAMO DISTRIBUIDORA DE PRODUTOS DE BELEZA S.A.,2054,10,"69694340,00",5.0
941,6160233,RAVENALA S/A,2054,10,"38680695,42",5.0
942,6161537,M E VIEIRA & CIA LTDA,2062,49,"0,00",5.0
943,6163204,REAL FACIL NEGOCIOS LTDA,2062,49,"10000,00",5.0
944,6166302,AMORIM CAMINHOES TRANSPORTES E COMERCIO EIRELI,2305,65,"200000,00",5.0
945,6204483,CEMAGEM - CENTRO DE DIAGNOSTICO DE IMAGEM LTDA.,2062,49,"0,00",1.0
946,6235572,RECONCAVO E&P S.A,2054,10,"0,00",5.0
947,6271464,BANCO BRADESCO BBI S.A.,2054,10,"6500000000,00",5.0
948,6289532,TCM TRANSPORTES COLETIVOS MARANHENSE LTDA,2062,5,"34283115,77",5.0
949,6536579,UNIAO ALGODOEIRA LTDA.,2062,49,"0,00",5.0
950,6822340,J BRANDAO COMERCIO E INDUSTRIA LTDA,2062,5,"18000000,00",5.0
951,6828859,REPRESENTACOES PEDRO I - EIRELI,2305,65,"5800000,00",5.0
952,6850713,R B COMERCIO E INDUSTRIA LTDA,2062,49,"0,00",5.0
953,6855894,RISA S/A,2054,16,"115000000,00",5.0
954,6859864,LUBRU CONSTRUCOES EIRELI,2305,65,"2340000,00",5.0
955,6881898,"FINANCEIRA ITAU CBD S.A. - CREDITO, FINANCIAMENTO E INVESTIMENTO",2054,10,"465940000,00",5.0
956,6890941,LIMA TRANSPORTES LTDA,2062,5,"3000000,00",5.0
957,6905943,NOBELPACK EMBALAGENS E LOGISTICA LTDA.,2062,49,"400000,00",5.0
958,6941020,AXPLUS ADMINISTRACAO DE BENS PROPRIOS LTDA,2062,49,"200000,00",5.0
959,6981176,CEMIG GERACAO E TRANSMISSAO S.A,2046,16,"4000000000,00",5.0
960,6981180,CEMIG DISTRIBUICAO S.A,2046,16,"5371997787,64",5.0
961,6981381,CTC - CENTRO DE TECNOLOGIA CANAVIEIRA S.A.,2046,10,"562203309,12",5.0
962,7124113,Radial Minas Logstica Ltda.,2062,49,"6922429,00",5.0
963,7173168,STITES ADMINISTRACAO DE FUNDOS EIRELI,2305,65,"120000,00",5.0
964,7175725,WEG EQUIPAMENTOS ELETRICOS S/A,2054,10,"5000000000,00",5.0
965,7198161,JAYSA - JATAY PEDROSA AUTOMOVEIS LTDA,2062,49,"6673000,00",5.0
966,7199805,GRANDE MOINHO CEARENSE SA,2054,10,"310389378,20",5.0
967,7199883,SINOPEC PETROLEUM DO BRASIL LTDA EM RECUPERACAO JUDICIAL,2062,64,"3544540,00",5.0
968,7206816,M DIAS BRANCO S.A. INDUSTRIA E COMERCIO DE ALIMENTOS,2046,10,"2508400564,73",5.0
969,7207996,BANCO BRADESCO FINANCIAMENTOS S.A.,2054,10,"7009600215,17",5.0
970,7208259,COLONIAL INDUSTRIA DE BEBIDAS LTDA.,2062,49,"0,00",3.0
971,7212271,BIESSSE DO BRASIL LIMITADA - INDUSTRIA E COMERCIO DE COMPONENTES ADESIVOS E AUTOADESIVOS,2062,49,"490000,00",5.0
972,7221070,BEZERRA & OLIVEIRA COMERCIO DE AUTOPECAS LTDA,2062,49,"5973799,00",5.0
973,7221493,SUNMEDCARE COMERCIO DE PRODUTOS HOSPITALARES LTDA,2062,49,"500000,00",3.0
974,7235484,SAGANOR NORDESTE COMERCIO DE AUTOMOVEIS E SERVICOS LTDA,2062,49,"7318297,00",5.0
975,7270366,GERARDO BASTOS PNEUS E PECAS LTDA,2062,49,"37155226,00",5.0
976,7281413,FAE SISTEMAS DE MEDICAO S/A,2054,16,"24919189,22",5.0
977,7283666,TROPICAL VIAGENS LTDA,2062,49,"0,00",5.0
978,7332455,CANAA HORTIGRAGEIROS LTDA,2062,49,"5279196,00",1.0
979,7367055,INDUSTRIA BRASILEIRA DE ARTEFATOS PLASTICOS S/A IBAP EM RECUPERACAO JUDICIAL,2054,64,"0,00",5.0
980,7373434,FUNDACAO EDSON QUEIROZ,3069,16,"0,00",5.0
981,7394072,CELTA HOLDINGS S.A.,2054,10,"444137405,98",5.0
982,7524982,HDS MECPAR DISTRIBUIDORA DE AUTO PECAS LTDA,2062,49,"300000,00",5.0
983,7526557,AMBEV S.A.,2046,10,"57977455079,06",5.0
984,7545758,SITIO ECOLOGICO MAR MAR LTDA,2062,49,"0,00",1.0
985,7638845,VIA ITALIA COMERCIO E IMPORTACAO DE VEICULOS LTDA.,2062,49,"3440000,00",5.0
986,7639071,SOG OLEO E GAS LTDA.,2062,5,"5813448,00",5.0
987,7654850,MONTESANTO TAVARES LOGISTICA E TRANSPORTE S/A,2054,10,"35811870,05",5.0
988,7658098,QUALICORP ADMINISTRADORA DE BENEFICIOS S.A.,2054,10,"276365136,28",5.0
989,7689002,EMBRAER S.A.,2046,10,"4789617052,42",5.0
990,7716156,BRASILPAMA MANUFATURA DE PAPEIS EIRELI,2305,65,"6000000,00",5.0
991,7798677,COLUMBUS SUGAR DISTRIBUIDORA DE ALIMENTOS LTDA,2062,49,"45000,00",5.0
992,7829802,I P DE CARVALHO COMERCIO DE GAS,2135,50,"11000,00",1.0
993,7851247,AGROINDUSTRIAL IRMAOS DALLA COSTA LTDA.,2062,49,"17376000,00",5.0
994,7970113,SO OFERTAS BUZIOS SUPERMERCADOS LTDA,2062,49,"100000,00",5.0
995,8030342,"BRAZILIAN LANDBANK EMPREENDIMENTOS, INCORPORACOES E REPRESENTACAO COMERCIAL LTDA",2062,49,"442800000,00",5.0
996,8146882,SUZLON ENERGIA EOLICA DO BRASIL LTDA.,2062,64,"370969292,00",5.0
997,8291352,R.P.L.S.P.E. EMPREENDIMENTOS E PARTICIPACOES LTDA.,2062,5,"4221676,00",5.0
998,8316498,MEDWRITERS EDITORA DE CLINICA MEDICA LTDA,2062,49,"3500,00",5.0
999,8318365,PROJETOS ESPECIAIS E INVESTIMENTOS LTDA,2062,5,"15874264,00",5.0
1000,8383282,BENEFICIADORA DE CEREAIS YAMAMOTO LTDA,2062,49,"3044478,00",5.0
1001,8386193,OCEANGEO TECNOLOGIA DE EXPLORACAO DE RESERVATORIOS DO BRASIL EIRELI,2305,5,"13515712,00",5.0
1002,8397374,IMPORTADORA COMERCIAL DE MADEIRAS LTDA,2062,49,"200000,00",5.0
1003,8401564,DROGUISTAS POTIGUARES REUNIDOS LTDA,2062,49,"12000000,00",5.0
1004,8402943,GUARARAPES CONFECCOES S/A,2046,10,"3100000000,00",5.0
1005,8426389,COPERTRADING COMERCIO EXPORTACAO E IMPORTACAO SA - EM RECUPERACAO JUDICIAL,2054,64,"5835000,00",5.0
1006,8545971,JFM COMERCIO DE PECAS PARA BICICLETAS LTDA,2062,49,"100000,00",1.0
1007,8555864,TRACBEL NORDESTE VEICULOS E EQUIPAMENTOS LTDA,2062,49,"23600000,00",5.0
1008,8597446,ORQUIDEA PARTICIPACOES E EMPREENDIMENTOS LTDA,2062,5,"17046526,00",5.0
1009,8638269,SETIBA PARTICIPACOES S.A.,2054,16,"802496,10",5.0
1010,8667777,DEVON INVESTIMENTOS IMOBILIARIOS LTDA.,2062,5,"21940000,00",5.0
1011,8693517,LUIZ FLOR & FILHOS LTDA,2062,49,"446000,00",5.0
1012,8740757,LUCKMETAIS COMERCIO DE METAIS LTDA,2062,49,"100000,00",5.0
1013,8824397,"SISTEMA FACIL, INCORPORADORA IMOBILIARIA - VARZEA GRANDE - SPE LTDA",2062,49,"9489883,00",5.0
1014,8845534,BRASOIL MANATI EXPLORACAO PETROLIFERA S.A.,2054,10,"40642129,90",5.0
1015,8884272,DROGAJATO DIST DE PRODS QUIMICOS E FARMACEUTICO LTDA,2062,49,"0,00",1.0
1016,8895796,BOM JESUS AGROPECUARIA LTDA EM RECUPERACAO JUDICIAL,2062,64,"61343935,00",5.0
1017,8928243,TAIPA SECURITIZADORA S/A,2054,16,"6000000,00",5.0
1018,8997695,JUBIABA AUTOS E COMERCIAIS LTDA,2062,5,"3000000,00",5.0
1019,9007162,MAUES LOBATO COMERCIO E REPRESENTACOES LTDA,2062,49,"1000000,00",5.0
1020,9098419,GRAFICA SANTA MARTA LTDA,2062,5,"29000000,00",5.0
1021,9103760,EDVALDO DOS SANTOS SILVA EIRELI,2305,65,"70000,00",1.0
1022,9109322,LAVIGA COMERCIO ATACADISTA EIRELI,2305,65,"200000,00",5.0
1023,9112685,OSX BRASIL SA EM RECUPERACAO JUDICIAL,2046,64,"35263600,00",5.0
1024,9122807,J.J.RODRIGUES EMPREENDIMENTOS IMOBILIARIOS SPE LTDA,2062,5,"100,00",5.0
1025,9171746,CLV EMPREENDIMENTOS IMOBILIARIOS LTDA,2062,5,"2248000,00",5.0
1026,9183348,NIAZITEX IMPORTACAO E EXPORTACAO DE TECIDOS LTDA,2062,49,"1000000,00",5.0
1027,9214159,ABAF ASSOCIACAO BRASILEIRA DE AGENTES FINANCEIROS,3999,16,"0,00",5.0
1028,9223111,TOTAL ASSESSORIA E CONSULTORIA EM RESINAS PLASTICAS LTDA,2062,49,"80000,00",5.0
1029,9258807,BRASTEX S/A,2054,10,"145359952,50",5.0
1030,9285228,ARES EMPREENDIMENTOS IMOBILIARIOS LTDA,2062,49,"21000,00",5.0
1031,9285446,JOSE BIAPINO DE SENA,2135,50,"0,00",3.0
1032,9298037,IBBCA 2008 GESTAO EM SAUDE LTDA,2062,49,"91222528,00",5.0
1033,9305962,MERCAUTO MERCANTIL DE PECAS PARA VEICULOS LTDA,2062,49,"100000,00",3.0
1034,9346601,"B3 S.A. - BRASIL, BOLSA, BALCAO",2046,10,"12548655563,88",5.0
1035,9373974,ASF-LA PARTICIPACOES EIRELI,2305,65,"10757833,00",5.0
1036,9391823,SANTO ANTONIO ENERGIA S.A.,2046,10,"9664356672,00",5.0
1037,9400227,M. GOMES PRAXEDES EIRELI,2305,12,"2195000,00",5.0
1038,9409822,MIDOL MINERACAO DOLOMITA LTDA,2062,5,"20429527,00",5.0
1039,9419923,BATISTEL DISTRIBUIDORA DE EMBALAGENS LTDA.,2062,49,"100000,00",1.0
1040,9811654,ACUMULADORES MOURA S A,2054,10,"1931141981,65",5.0
1041,10250669,D'AURA TEXTIL EXPORTADORA E IMPORTADORA LTDA,2062,49,"1000000,00",1.0
1042,10319853,COMPANHIA AGRO INDUSTRIAL DE GOIANA,2054,10,"0,00",5.0
1043,10347563,GAFISA SPE-89 EMPREENDIMENTOS IMOBILIARIOS S.A.,2054,10,"31647568,00",5.0
1044,10480029,COMERCIAL ZENA MOVEIS - SOCIEDADE LIMITADA,2062,49,"2000000,00",5.0
1045,10523777,DIMEPE DISTRIBUIDORA MEDICAMENTOS DE PERNAMBUCO LTDA,2062,49,"5000,00",3.0
1046,10588595,SANOFI MEDLEY FARMACEUTICA LTDA,2062,5,"2774177837,12",5.0
1047,10656452,VOTORANTIM CIMENTOS N/NE S/A,2054,16,"218324282,20",5.0
1048,10699537,RANAH ADMINISTRACAO DE BENS LTDA,2062,49,"3003825,00",5.0
1049,10780884,MG MIX CONCRETO LTDA,2062,49,"1000000,00",1.0
1050,10788628,SALGUEIRO CONSTRUCOES S.A,2054,10,"677563209,00",5.0
1051,10789980,LACA COMERCIO E REPRESENTACOES LTDA,2062,49,"500000,00",5.0
1052,10807972,COMPANHIA INDUSTRIAL DE VIDROS CIV,2054,10,"152065338,00",5.0
1053,10835932,COMPANHIA ENERGETICA DE PERNAMBUCO,2046,16,"663177693,34",5.0
1054,10869844,OURO VERDE PRODUCAO AGRICOLA LTDA,2062,49,"100000,00",5.0
1055,10873438,A C LIRA TRANSPORTES LTDA,2062,5,"0,00",5.0
1056,10918175,LUMILEDS ILUMINACAO BRASIL LTDA,2062,5,"92312321,00",5.0
1057,10962391,TREZE ADMINISTRADORA DE BENS EIRELI,2305,65,"6479013,00",3.0
1058,11016623,SUPRIAGRO COMERCIO DE SUPRIMENTO AGROPASTORIL EIRELI,2305,65,"1841900,00",5.0
1059,11094546,MULTIPLUS S.A.,2046,10,"107299730,60",5.0
1060,11124089,ANTRACTOR DO BRASIL COMERCIO DE PECAS PARA TRATORES LTDA.,2062,49,"1500000,00",5.0
1061,11145893,AMPLA SERVICOS DE PROPAGANDA E PUBLICIDADE LTDA,2062,49,"1400000,00",5.0
1062,11214624,UNIMED RECIFE COOPERATIVA DE TRABALHO MEDICO,2143,16,"0,00",5.0
1063,11245802,TOME ENGENHARIA SA EM RECUPERACAO JUDICIAL,2054,64,"24881938,11",5.0
1064,11342912,MAVEL - MAQUINAS E VEICULOS LTDA.,2062,49,"0,00",5.0
1065,11448933,SUAPE COMPLEXO INDUSTRIAL PORTUARIO GOVERNADOR ERALDO GUEIROS,2011,5,"1264756683,56",5.0
1066,11623188,ARMAZEM CORAL LTDA,2062,49,"10942728,00",5.0
1067,11699378,COMPANHIA ALCOOLQUIMICA NACIONAL-ALCOOLQUIMICA,2054,10,"151498220,94",5.0
1068,11754525,ECOVIX CONTRUCOES OCEANICAS S/A- EM RECUPERACAO JUDICIAL,2054,64,"20000000,00",5.0
1069,11841434,LIBER CONSERVACAO E SERVICOS GERAIS LTDA,2062,49,"2600000,00",5.0
1070,11928659,ALO KIDS COMERCIO DE ARTIGOS INFANTIS LTDA.,2062,49,"500000,00",5.0
1071,11982113,MIRANDA COMPUTACAO E COMERCIO LTDA,2062,49,"9706641,00",5.0
1072,12644977,DESTAQUE PROPAGANDA E PROMOCOES LTDA,2062,49,"462500,00",5.0
1073,12681144,PROJECTA MATERIAL DE CONSTRUCAO LTDA,2062,49,"8400000,00",5.0
1074,12797023,BOM TOM-ACESSORIOS E ARTEFATOS DE COURO LTDA,2062,49,"0,00",1.0
1075,12843800,DIBUTE SOFTWARE LTDA EM RECUPERACAO JUDICIAL,2062,64,"50000000,00",5.0
1076,12974820,MARCIO RAPOSO IMOVEIS - EIRELI,2305,65,"100000,00",5.0
1077,13007158,H DANTAS COMERCIO NAVEGACAO E INDUSTRIAS LTDA,2062,5,"10000000,00",5.0
1078,13188370,HOSPITAL DE OLHOS RUY CUNHA LTDA,2062,5,"30634497,00",5.0
1079,13219100,DEL REY EMPREENDIMENTOS TURISTICOS LTDA,2062,49,"2276000,00",5.0
1080,13278296,CONTATO ASSESSORIA E SERVICOS LTDA,2062,49,"0,00",1.0
1081,13280276,TEGAL TERMINAL DE GASES LTDA,2062,5,"65242505,70",5.0
1082,13284642,NOVACKI INDUSTRIAL S.A.,2054,16,"16650567,00",5.0
1083,13332092,HP PETROCONSULT PARTICIPACOES S.A.,2054,10,"800,00",5.0
1084,13395186,BNY MELLON PARTICIPACOES LTDA,2062,5,"300501661,00",5.0
1085,13536966,MOVEPAR PATRIMONIAL LTDA,2062,5,"4250415,00",5.0
1086,13546353,ACRINOR ACRILONITRILA DO NORDESTE S A,2054,10,"188361186,96",5.0
1087,13565502,DOW BRASIL NORDESTE LTDA,2062,49,"0,00",5.0
1088,13573332,KORDSA BRASIL S.A,2054,16,"208613609,34",5.0
1089,13600911,VALENCA DA BAHIA MARICULTURA S/A,2054,16,"0,00",5.0
1090,13642699,AGRO INDUSTRIAS DO VALE DO SAO FRANCISCO SA AGROVALE,2054,10,"53354171,00",5.0
1091,13778147,MEDYCAMENTHA PRODUTOS ONCOLOGICOS E HOSPITALARES LTDA,2062,49,"300000,00",5.0
1092,13786785,CERAMUS BAHIA PRODUTOS CERAMICOS LTDA,2062,5,"50162451,34",5.0
1093,13926639,MONTE TABOR CENTRO ITALO BRASILEIRO DE PROM SANITARIA,3999,16,"0,00",5.0
1094,13969621,HOSPITAL E CLINICA SAO MATHEUS LTDA,2062,49,"1000000,00",5.0
1095,14068605,TRAMONTINA BELEM SA,2054,10,"66586612,98",5.0
1096,14109664,OXITENO NORDESTE S A INDUSTRIA E COMERCIO,2054,10,"1029613894,31",5.0
1097,14197461,CONSPLAN CONSTRUCAO PROJETO E PLANEJAMENTO LTDA,2062,49,"6000000,00",5.0
1098,14280184,EDINHO SUPERMERCADO LTDA,2062,49,"600000,00",5.0
1099,14345706,CIA VIACAO SUL BAHIANO,2054,10,"0,00",5.0
1100,14414973,CETREL S.A.,2054,16,"240021818,30",5.0
1101,14486153,TREVO DERIVADOS DE PETROLEO LTDA,2062,49,"12000000,00",5.0
1102,14589261,SULNORTE SERVICOS MARITIMOS LTDA,2062,5,"5160000,00",5.0
1103,14789606,LIBANO-ESTIVAS E CEREAIS LTDA,2062,49,"30000,00",3.0
1104,15102288,CNO S.A,2054,10,"5497298777,51",5.0
1105,15111438,DISMEL COMERCIO E SERVICOS LTDA,2062,49,"1499343,00",5.0
1106,15141799,CIA DE FERRO LIGAS DA BAHIA FERBASA,2046,16,"1225443617,65",5.0
1107,15179682,RHODIA POLIAMIDA E ESPECIALIDADES SA,2054,10,"1160327334,93",5.0
1108,15182652,INDUSTRIA DE BEBIDAS ANTARCTICA DO NORTE-NORDESTE S/A.,2046,10,"0,00",5.0
1109,15186986,"LEGNO TRADE INDUSTRIA, COMERCIO E EXPORTACAO DE MADEIRA LTDA.",2062,49,"50000,00",5.0
1110,15229396,POLIBRASIL S AINDUSTRIA E COMERCIO,2054,16,"0,00",5.0
1111,15495393,VEREDAS DO ARROJADO EMPREENDIMENTOS IMOBILIARIOS E AGROPECUARIA LTDA,2062,49,"16729546,00",5.0
1112,15627366,DELTA MONTAGEM DE PAINEIS ELETRICOS EIRELI,2305,65,"100000,00",5.0
1113,15978919,VRJ EMPREENDIMENTOS IMOBILIARIOS LTDA,2062,49,"84000,00",1.0
1114,16084121,VIACAO SANTA CLARA LTDA,2062,49,"7120000,00",5.0
1115,16182834,LOJAS INSINUANTE S.A.,2054,10,"352627165,00",5.0
1116,16233389,LOJAS LE BISCUIT S/A,2054,10,"345165868,69",5.0
1117,16379331,COR CLINICA OFTALMOLOGICA DE ROMA LTDA,2062,49,"20000,00",3.0
1118,16404287,SUZANO S.A.,2046,16,"9269281424,63",5.0
1119,16482762,VISAO TURISMO LTDA,2062,49,"1500000,00",5.0
1120,16514187,SAO BERNARDO DO CAMPO TRANSPORTES LTDA,2062,5,"30323000,00",5.0
1121,16610461,RSE DISTRIBUIDORA DE PRODUTOS ALIMENTICIOS LTDA,2062,49,"597634,00",1.0
1122,16639874,CNJ LOCACOES E EMPREENDIMENTOS LTDA,2062,49,"900317,00",5.0
1123,16813461,MINERITA MINERIOS ITAUNA LTDA,2062,49,"8348196,00",5.0
1124,17137098,MARIA LOREN COMERCIO DE COSMETICOS E SERVICOS LTDA,2062,49,"50000,00",3.0
1125,17146341,EMBRAUTO IMOVEIS LTDA,2062,49,"3083358,70",5.0
1126,17162280,EMPRESA BRASILEIRA DE ENGENHARIA E COMERCIO SA EBEC,2054,10,"59332675,84",5.0
1127,17167321,ADMINISTRADORA FORTALEZA LTDA,2062,5,"200000006,00",5.0
1128,17168220,REFRIGERANTES MINAS GERAIS LTDA,2062,5,"26615616,00",5.0
1129,17192451,BANCO ITAUCARD S.A.,2054,10,"3861000000,00",5.0
1130,17197385,ZURICH MINAS BRASIL SEGUROS S.A.,2054,16,"2476010277,08",5.0
1131,17262213,ANDRADE GUTIERREZ ENGENHARIA S/A,2054,10,"1985285037,00",5.0
1132,17270950,RADIO ITATIAIA LIMITADA,2062,49,"30000000,00",5.0
1133,17298092,BANCO ITAU BBA S.A.,2054,10,"946000000,00",5.0
1134,17312661,AMARIL FRANKLIN CORRETORA DE TITULOS E VALORES LTDA,2062,49,"6750000,00",5.0
1135,17335274,EIMCAL - EMPRESA INDUSTRIAL DE MINERACAO CALCARIA LTDA EM RECUPERACAO JUDICIAL,2062,64,"50000000,00",5.0
1136,17376138,ENGESOLO ENGENHARIA LTDA,2062,49,"2334974,00",5.0
1137,17413469,INSTITUTO DONATO DE OFTALMOLOGIA LTDA,2062,49,"200000,00",5.0
1138,17413766,INTERNACIONAL PECAS LIMITADA,2062,49,"1200000,00",5.0
1139,17428731,PROSEGUR BRASIL S/A TRANSPORTADORA DE VALORES E SEGURANCA,2054,10,"1156865196,00",5.0
1140,17465303,MAPAS DE IMOVEIS LTDA,2062,49,"3800000,00",5.0
1141,17469701,ARCELORMITTAL BRASIL S.A.,2054,10,"13021834341,26",5.0
1142,17618026,CARDOSO MOTO LTDA,2062,49,"1600000,00",5.0
1143,17829847,COLINA - ADMINISTRACAO E SERVICOS LTDA,2062,5,"1756654,00",5.0
1144,17872813,HEMOCELL LABORATORIO DE CITOLOGIA E ANALISES CLINICAS LTDA,2240,49,"250000,00",3.0
1145,17958315,MANGELS INDUSTRIA E COMERCIO LTDA,2062,5,"115814070,00",5.0
1146,18135624,INDUSTRIAS ALIMENTICIAS ITACOLOMY S/A,2054,10,"0,00",5.0
1147,18210369,NEWTON ALVES PEDROSA,2135,50,"0,00",5.0
1148,18238980,APERAM BIOENERGIA LTDA.,2062,5,"368948253,00",5.0
1149,18422469,ABC ARTEFATOS DE BORRACHA COELHO LTDA,2062,49,"2000000,00",5.0
1150,18459628,BAYER S.A.,2054,10,"1633001733,23",5.0
1151,18499616,VOTORANTIM METAIS S.A.,2054,5,"2901266956,70",5.0
1152,18689125,INDUSTRIA MECANICA IRMAOS CORGOZINHO LTDA,2062,49,"3000000,00",5.0
1153,19160126,FERMAG FERRITAS MAGNETICAS LTDA,2062,49,"1002168,00",5.0
1154,19198118,EMPRESA DE ASSISTENCIA TECNICA E EXTENSAO RURAL DO ESTADO DE MINAS GERAIS - EMATER-MG,2011,16,"0,00",5.0
1155,19213016,FFX CONSTRUCOES E SERVICOS LTDA,2062,49,"1098000,00",3.0
1156,19394808,MENDES JUNIOR TRADING E ENGENHARIA S/A - EM RECUPERACAO JUDICIAL,2054,10,"235000000,00",5.0
1157,19443985,VALE FERTILIZANTES S.A.,2054,10,"3519439686,40",5.0
1158,19887579,IRMAZI PARTICIPACOES S/A,2054,10,"218341035,00",5.0
1159,20231213,ELA TRANSPORTES E COMERCIO LTDA,2062,5,"0,00",5.0
1160,20291225,COOPERATIVA DOS PRODUTORES RURAIS DE DOM SILVERIO LTDA,2143,16,"0,00",5.0
1161,20445649,RAVAIANE EMPREENDIMENTOS E CONSTRUCOES LTDA,2062,49,"900000,00",3.0
1162,20628376,VALADARES DIESEL LTDA,2062,49,"1000000,00",5.0
1163,20775003,EXPORTADORA DE CAFE GUAXUPE LTDA,2062,49,"56565170,00",5.0
1164,20948121,CLINICA S VICENTE FERRER LTDA,2062,49,"0,00",5.0
1165,21014881,SYNCROPARTS COMERCIO E DISTRIBUICAO DE PECAS LTDA,2062,5,"0,00",5.0
1166,21554274,MOINHOS VERA CRUZ SA,2054,10,"41200000,00",5.0
1167,21572243,COMPANHIA DE SANEAMENTO MUNICIPAL - CESAMA,2011,16,"299464100,02",5.0
1168,21745112,CASA SAO PAULO MATERIAIS DE CONSTRUCAO LTDA,2062,49,"100000,00",3.0
1169,22007280,ADMINISTRACAO IMOBILIARIA SANTA MARGARIDA LTDA,2062,49,"300000,00",5.0
1170,22164990,ELETROSOM S/A - EM RECUPERACAO JUDICIAL,2046,64,"8000000,00",5.0
1171,22229207,PASTIFICIO SANTA AMALIA S/A.,2054,10,"279178010,73",5.0
1172,22463970,EXPRESSO FIGUEIREDO LTDA,2062,5,"16482567,00",5.0
1173,22619217,RIO RANCHO AGROPECUARIA LTDA,2062,49,"14167211,00",5.0
1174,22914030,COMPANHIA AGROINDUSTRIAL DO PARA,2054,10,"0,00",5.0
1175,23025711,CIA ITAU DE CAPITALIZACAO,2054,10,"558295008,73",5.0
1176,23117229,SIDERURGICA ALTEROSA S/A,2054,10,"157080069,30",5.0
1177,23274194,FURNAS-CENTRAIS ELETRICAS S.A.,2038,16,"6531154365,54",5.0
1178,23314594,ALESAT COMBUSTIVEIS S.A.,2054,16,"706232478,00",5.0
1179,23452196,EXPRESSO UNIR LTDA,2062,49,"4171000,00",5.0
1180,23637093,TOGNI S/A MATERIAIS REFRATARIOS,2054,16,"45316440,00",5.0
1181,23645542,FERTILIZANTES MITSUI INDUSTRIA E COMERCIO LTDA.,2062,5,"226149353,00",5.0
1182,23664303,DME DISTRIBUICAO S.A. - DMED,2011,10,"222949828,33",5.0
1183,23908064,COOPERATIVA DOS ANESTESIOLOGISTAS DE MINAS GERAIS LTDA-COOPANEST MG,2143,16,"0,00",5.0
1184,24014235,UNIMED SETE LAGOAS COOPERATIVA DE TRABALHO MEDICO,2143,16,"0,00",5.0
1185,24260507,POSTO ONZE LTDA,2062,49,"0,00",5.0
1186,24315129,"FASAL S.A.,COMERCIO E INDUSTRIA DE PRODUTOS SIDERURGICOS",2054,10,"200550437,00",5.0
1187,24731978,CACEL COMERCIO DE AUTOMOVEIS CENTRAL LTDA,2062,49,"7275956,00",5.0
1188,24933830,BB-BANCO DE INVESTIMENTO S.A.,2054,10,"1821081678,62",5.0
1189,24935454,TELLUS INFORMATICA E TELECOMUNICACOES LTDA,2062,5,"7000000,00",5.0
1190,24962466,RUMO MALHA NORTE S.A,2046,10,"2461503467,95",5.0
1191,24988586,MOTORSETE VEICULOS E PECAS LTDA,2062,49,"3836156,00",5.0
1192,25086034,ENERGISA TOCANTINS DISTRIBUIDORA DE ENERGIA S.A.,2054,16,"532190272,69",5.0
1193,25417452,NORTE SUL CONSTRUCAO E PAVIMENTACAO LTDA,2062,49,"850000,00",5.0
1194,25433194,USINA DELTA S/A ACUCAR E ALCOOL,2054,10,"0,00",5.0
1195,25757634,GRANJA REZENDE SA,2054,16,"0,00",5.0
1196,25898537,ATRIUM EMPRESA DE VIAGENS E TURISMO LTDA,2062,49,"80000,00",3.0
1197,26774257,CACERES FLORESTAL SA,2054,16,"31880718,20",5.0
1198,27034479,LAZTUR EMPREENDIMENTOS E PARTICIPACOES LTDA,2062,49,"20000,00",3.0
1199,27059849,FIBRASA SA EMBALAGENS,2054,16,"19576401,20",5.0
1200,27071778,PROVALE INDUSTRIA E COMERCIO S A,2054,16,"56447213,00",5.0
1201,27171883,POLITINTAS LTDA,2062,49,"7510000,00",5.0
1202,27184951,ITAGUASSU AGRO INDUSTRIAL S/A,2054,16,"119735896,87",5.0
1203,27197888,DUFRY DO BRASIL DUTY FREE SHOP LTDA.,2062,5,"315036909,00",5.0
1204,27362136,ELEGANCIA INFANTIL BABY LTDA,2062,49,"0,00",1.0
1205,27485069,EMPRESA LUZ E FORCA SANTA MARIA S A,2054,10,"130000000,00",5.0
1206,27652684,GENIAL INVESTIMENTOS CORRETORA DE VALORES MOBILIARIOS S.A.,2054,10,"107601204,12",5.0
1207,27663293,PURATOS BRASIL LTDA,2062,5,"162969253,00",5.0
1208,27693217,GLARB IMOVEIS E PARTICIPACOES LTDA,2062,49,"10000,00",3.0
1209,27787910,CENTRAUMA CENTRO GONCALENSE DE ORTOPEDIA E TRAUMATOLOGIA S/S LTDA,2240,49,"400000,00",5.0
1210,27865757,GLOBO COMUNICACAO E PARTICIPACOES S/A,2054,10,"6983568523,86",5.0
1211,27901719,INSTITUTO AERUS DE SEGURIDADE SOCIAL EM LIQUIDACAO EXTRAJUDICIAL,3999,13,"0,00",5.0
1212,28020444,CENTRO RADIOTERAPICO GAVEA LTDA.,2062,5,"240000,00",5.0
1213,28027902,MAIORCA COMERCIO LTDA,2062,49,"0,00",1.0
1214,28195667,BANCO ABC BRASIL S.A.,2046,16,"2594681194,12",5.0
1215,28270114,TRW COMERCIO E PARTICIPACOES LTDA,2062,5,"0,00",5.0
1216,28622744,AGROCERES MULTIMIX NUTRICAO ANIMAL LTDA,2062,5,"63996400,00",5.0
1217,28670958,VIACAO CIDADE DO ACO LTDA,2062,49,"16900000,00",5.0
1218,28920569,BRAZAO VEICULOS E PECAS LTDA,2062,49,"1500000,00",5.0
1219,29289071,ITAPIN TURISMO E SUSTENTABILIDADE S.A,2054,10,"1331265,92",5.0
1220,29323367,METROPOLE RJ COMERCIO DE ALIMENTOS LTDA,2062,49,"2100000,00",5.0
1221,29328267,LAMINACAO GUANABARA LTDA,2062,49,"540000,00",5.0
1222,29398922,KINROSS PARTICIPACOES LTDA,2062,5,"761736235,85",5.0
1223,29416591,TECNITAS DO BRASIL ASSESSORIA TECNICA E PERITAGENS LTDA,2062,5,"0,00",5.0
1224,29506474,BALL BEVERAGE CAN SOUTH AMERICA S.A.,2054,10,"76626511,48",5.0
1225,29513405,CRAFT ENGENHARIA LTDA,2062,49,"0,00",5.0
1226,29613643,CONENGE ENGENHARIA LTDA,2062,49,"5214912,00",3.0
1227,29886470,JETON CONSTRUCOES LTDA,2062,49,"500000,00",3.0
1228,29916343,ORGANIZACAO ANGELO CARDOSO CONTABILIDADE LTDA,2240,49,"0,00",3.0
1229,29938800,SEA WORLD OPERADORA PORTUARIA LTDA,2062,49,"7171413,00",5.0
1230,29980158,HDI SEGUROS S.A.,2054,16,"755042682,84",5.0
1231,30075956,IMOBILIARIA MARES GUIA LTDA,2062,49,"7500000,00",5.0
1232,30090575,RODOCON CONSTRUCOES RODOVIARIAS LTDA,2062,49,"20000000,00",5.0
1233,30141519,THORNIX INFORMATICA LTDA,2062,49,"0,00",1.0
1234,30142590,CLINICA DE HEMOTERAPIA LTDA,2062,49,"291200,00",5.0
1235,30191597,FISICOR LTDA,2240,49,"0,00",3.0
1236,30464614,CREDICENTER EMPREENDIMENTOS E PROMOCOES LTDA,2062,5,"0,00",5.0
1237,30504617,ASSOCIACAO DOS MUSICOS MILITARES DO BRASIL,3999,16,"0,00",5.0
1238,30713432,L. PARISOTTO PARTICIPACOES LTDA,2062,5,"418677169,00",5.0
1239,30952972,MONNA INDUSTRIA DO VESTUARIO LTDA,2062,49,"3319681,00",5.0
1240,31056708,ORICA BRASIL LTDA,2062,5,"58982359,00",5.0
1241,31241359,AVAYA BRASIL LTDA,2062,5,"26650011,00",5.0
1242,31523566,O BICHO COMEU BIJOUTERIAS LTDA,2062,49,"10000,00",3.0
1243,31548696,FAZENDA NOVA MODELO ST EDWIGES C E REPRESENTACOES LTDA,2062,49,"1066450,00",3.0
1244,31751050,TORRES & CIA LTDA,2062,49,"55185860,00",5.0
1245,31787625,FUNDACAO DE SEGURIDADE SOCIAL DA ARCELORMITTAL BRASIL - FUNSSEST,3069,10,"0,00",5.0
1246,31790843,ARCA ARMAZENS GERAIS NORTE CAPIXABA LTDA,2062,49,"0,00",5.0
1247,31876709,MPE MONTAGENS E PROJETOS ESPECIAIS S/A,2054,16,"0,00",5.0
1248,31895683,BANCO INDUSTRIAL DO BRASIL S/A,2054,10,"372222709,46",5.0
1249,32082448,APOIO ADMINISTRACAO E SERVICOS LTDA,2062,49,"900000,00",5.0
1250,32109167,BANCO ITAU CARTOES S.A.,2054,10,"787201600,78",5.0
1251,32483711,MARCA CAFE COMERCIO EXPORTACAO S/A,2054,16,"0,00",5.0
1252,32567786,FEDERAL MOGUL DO BRASIL LTDA,2062,5,"167438505,00",5.0
1253,32923310,MICROLOG INFORMATICA E TECNOLOGIA LTDA,2062,49,"7000000,00",5.0
1254,33000118,TELEMAR NORTE LESTE S/A. - EM RECUPERACAO JUDICIAL,2054,64,"19617609121,24",5.0
1255,33000167,PETROLEO BRASILEIRO S A PETROBRAS,2038,16,"205431960490,52",5.0
1256,33009945,PRODUTOS ROCHE QUIMICOS E FARMACEUTICOS S A,2054,16,"1141677059,48",5.0
1257,33014556,LOJAS AMERICANAS S.A.,2046,10,"12585819817,30",5.0
1258,33039223,CIMENTO TUPI S.A. EM RECUPERACAO JUDICIAL,2054,64,"298808720,00",5.0
1259,33040924,SUL AMERICA CAPITALIZACAO SA,2046,16,"0,00",5.0
1260,33042730,COMPANHIA SIDERURGICA NACIONAL,2046,16,"6040000000,00",5.0
1261,33042953,CITIBANK N A,2178,17,"1600249456,16",5.0
1262,33044983,A IMPECAVEL ROUPAS LTDA,2062,49,"10000000,00",5.0
1263,33055732,ALIANCA S/A - INDUSTRIA NAVAL E EMPRESA DE NAVEGACAO,2054,16,"432525613,45",5.0
1264,33062464,NESTLE WATERS BRASIL - BEBIDAS E ALIMENTOS LTDA.,2062,5,"87248341,00",5.0
1265,33066408,BANCO ABN AMRO REAL S.A.,2054,10,"0,00",5.0
1266,33067034,REFINARIA PIEDADE SOCIEDADE ANONIMA,2054,10,"0,00",5.0
1267,33067745,ERICSSON TELECOMUNICACOES S A.,2054,16,"310994584,32",5.0
1268,33073008,SCHWEITZER-MAUDUIT DO BRASIL INDUSTRIA E COMERCIO DE PAPEL LTDA.,2062,5,"90292613,35",5.0
1269,33078320,FERTECO MINERACAO S A,2054,16,"0,00",5.0
1270,33104423,LUSO BRASILEIRA SERVICOS LTDA,2062,49,"6000000,00",5.0
1271,33110420,FOX FILM DO BRASIL LTDA,2062,5,"177861496,68",5.0
1272,33117920,BRASIL ELECTROHEAT LTDA,2062,5,"0,00",5.0
1273,33147315,BANCO BRADESCO BERJ S.A.,2054,10,"3087000000,00",5.0
1274,33149501,FERNANDO CHINAGLIA DISTRIBUIDORA S A,2054,16,"0,00",5.0
1275,33163858,VIMATLOG TRANSPORTES E LOGISTICA S/A,2054,16,"0,00",5.0
1276,33165481,MADEX REPRESENTACOES LTDA,2062,49,"20000,00",3.0
1277,33194978,CASTROL BRASIL LTDA,2062,5,"246084443,00",5.0
1278,33247271,EMPRESA BRASILEIRA DE ENGENHARIA S A,2054,16,"0,00",5.0
1279,33256439,ULTRAPAR PARTICIPACOES S/A,2046,10,"5171751608,08",5.0
1280,33258450,KNOLL PRODUTOS QUIMICOS E FARMACEUTICOS LTDA,2062,49,"0,00",5.0
1281,33319617,ASBERIT LTDA,2062,5,"2106900,00",5.0
1282,33349358,BANCO CACIQUE S/A.,2054,10,"809578416,45",5.0
1283,33387382,DATAMEC SA SISTEMAS E PROCESSAMENTO DE DADOS,2054,16,"0,00",5.0
1284,33390170,APERAM INOX AMERICA DO SUL S.A.,2054,16,"1961584888,22",5.0
1285,33435231,GE CELMA LTDA.,2062,5,"586654569,44",5.0
1286,33445347,A CUPELLO TRANSPORTES LTDA,2062,49,"5000000,00",5.0
1287,33453598,RAIZEN S.A.,2046,10,"3000000000,00",5.0
1288,33453671,SOBRENCO ENGENHARIA LTDA,2062,49,"111900000,00",5.0
1289,33480591,EDIFICARTE APOIO E SUPORTE EM INFORMATICA EIRELI,2305,65,"70000,00",1.0
1290,33588252,BANCO INDUSCRED DE INVESTIMENTO S/A,2054,10,"0,00",5.0
1291,33592510,VALE S.A.,2046,10,"77300000000,00",5.0
1292,33628140,MONTICAL REPRESENTACOES LTDA,2062,49,"0,00",3.0
1293,33746918,RIO SUL LINHAS AEREAS S.A. - FALIDA,2054,64,"0,00",5.0
1294,33755174,CAIXA DE ASSISTENCIA DOS ADVOGADOS DO ESTADO DO R J,3999,16,"0,00",5.0
1295,33756768,CASA DE SAUDE NOSSA SENHORA DO CARMO LTDA,2062,5,"7800000,00",5.0
1296,33760497,CHASE FLEMING BANCO DE INVESTIMENTO S.A,2054,16,"0,00",5.0
1297,33814948,"ASSOCIACAO EDUCATIVA, CULTURAL E ASSISTENCIAL NOSSA SENHORA DAS DORES",3999,16,"0,00",5.0
1298,33856394,PERNOD RICARD BRASIL INDUSTRIA E COMERCIO LTDA,2062,5,"32564049,00",5.0
1299,33858150,LUXOR PARTICIPACAO S A,2054,10,"0,00",5.0
1300,33870163,BANCO ALVORADA S.A.,2054,10,"11176393237,86",5.0
1301,33876145,ALLIANCE ONE BRASIL EXPORTADORA DE TABACOS LTDA.,2062,5,"409059279,00",5.0
1302,33920299,EMPRESA DE CIMENTOS LIZ S.A,2054,16,"151911285,39",5.0
1303,33931494,COMPANHIA COREANO BRASILEIRA DE PELOTIZACAO-KOBRASCO,2054,10,"289410588,73",5.0
1304,33931510,PARA PIGMENTOS S A,2054,10,"118023404,49",5.0
1305,33987793,BANCO DE INVESTIMENTOS CREDIT SUISSE (BRASIL) S.A.,2054,10,"2030000000,00",5.0
1306,34004754,JOAO MAURICIO DE ARAUJO PINHO CIA,2240,49,"0,00",5.0
1307,34046581,BANKPAR BRASIL LTDA.,2062,5,"396448502,00",5.0
1308,34098442,BANCO CREDICARD S.A.,2054,10,"471000000,00",5.0
1309,34156620,ESCOLA BRETANHA E JARDIM TIO CARECA LTDA,2240,49,"0,00",5.0
1310,34234534,NUCLEO DE PATOLOGIA CLINICA LTDA,2240,49,"0,00",1.0
1311,34256537,NOG FERRAGENS E MATERIAIS PARA CONSTRUCAO LTDA,2062,49,"5841313,00",5.0
1312,34270942,LUZ PUBLICIDADE LTDA,2062,49,"1001920,00",5.0
1313,34274233,PETROBRAS DISTRIBUIDORA SA,2046,16,"6352976658,99",5.0
1314,34558841,SIEMENS ELETROELETRONICA LTDA,2062,5,"36340642,00",5.0
1315,34761254,LATICINIOS CEREJEIRAS MULTIBOM LTDA,2062,49,"4000000,00",5.0
1316,34942193,S M S COMERCIO EIRELI,2305,65,"0,00",5.0
1317,35223866,SERVTEC INVESTIMENTOS E PARTICIPACOES LTDA.,2062,49,"53611900,00",5.0
1318,35603679,INDUSTRIA DE ALIMENTOS BOMGOSTO LTDA,2062,5,"726388000,00",5.0
1319,35765817,UNIBANCO EMPREENDIMENTOS LTDA,2062,5,"48488996,50",5.0
1320,35820448,WHITE MARTINS GASES INDUSTRIAIS LTDA,2062,5,"1132743867,44",5.0
1321,35878396,PETRORIO - PETROQUIMICA DO RIO DE JANEIRO S/A,2054,16,"0,00",5.0
1322,36117547,XAPURI RECURSOS NATURAIS RENOVAVEIS E EXTRATIVISMO LTDA,2062,49,"15957000,00",5.0
1323,36756997,BRASAL PARTICIPACOES S/A,2054,10,"445000000,00",5.0
1324,36858520,GRAVIA ESQUALITY INDUSTRIA METALURGICA LTDA,2062,49,"33430000,00",5.0
1325,37432689,ABACO TECNOLOGIA DE INFORMACAO LTDA,2062,49,"3721883,46",5.0
1326,37458221,SME - SOCIEDADE DE MONTAGENS E ENGENHARIA EIRELI,2305,65,"22711000,00",5.0
1327,38046843,DISTAL - DISTRIBUIDORA AMERICA LATINA S/A,2054,10,"2751881,00",5.0
1328,38659280,TECTRAN - TECNICOS EM TRANSPORTE LTDA,2062,5,"5971465,00",5.0
1329,38739611,SNC-LAVALIN PROJETOS INDUSTRIAIS LTDA.,2062,5,"209815242,00",5.0
1330,38809760,ONCOMED FARMACEUTICA LTDA.,2062,49,"0,00",5.0
1331,39318225,BRAZIL TRADING LTDA,2062,49,"0,00",5.0
1332,39531199,RECREIO VEICULOS S.A.,2054,10,"14500000,00",5.0
1333,40281347,AUTOTRAC COMERCIO E TELECOMUNICACOES S/A,2054,16,"70000000,00",5.0
1334,40375636,BARUDAN DO BRASIL COMERCIO E INDUSTRIA LTDA,2062,49,"3357413,15",5.0
1335,40432544,CLARO S.A.,2054,16,"18744414942,98",5.0
1336,41025313,COMPANHIA PERNAMBUCANA DE GAS COPERGAS,2038,10,"207612929,51",5.0
1337,41233610,BRUNO JORGE CAVALCANTI MIRANDA DE FARIAS,2135,50,"0,00",5.0
